case_id,pdf_contains,page,phrase,target_char,target_occurrence_index,actual_reading,expected_reading,status,source,note,applicability_mode,source_pdf_sha256
CONF-001,115國小健體3下課本,131,強勁,勁,,ㄐㄧㄣˋ,ㄐㄧㄥˋ,確認錯誤,使用者人工確認（2026-08-14）,PDF實際注音解碼正確；教材注音錯誤。原v1.4以實體頁132表示，v1.4.1改用課本頁P131。,hard_gate,
CONF-002,115國小健體3下課本,82,要求,要,,ㄧㄠˋ,ㄧㄠ,確認錯誤,使用者人工確認（2026-08-14）,PDF實際注音解碼正確；教材注音錯誤。原v1.4以實體頁83表示，v1.4.1改用課本頁P82。,hard_gate,
CONF-003,115國小健體3下課本,27,東西,西,,ㄒㄧ,˙ㄒㄧ,確認錯誤,使用者人工確認（2026-08-14）,課本P27原頁標ㄒㄧ；「東西」此處應讀輕聲˙ㄒㄧ，確認教材注音錯誤。,hard_gate,
NEG-001,115國小健體3下課本,32,東西,西,,˙ㄒㄧ,˙ㄒㄧ,確認正確,使用者人工確認（2026-08-14）,課本P32原頁標˙ㄒㄧ，教材注音正確；作為負向回歸控制。,hard_gate,
NEG-002,115國小健體3下課本,62,東西,西,,˙ㄒㄧ,˙ㄒㄧ,確認正確,使用者人工確認（2026-08-14）,課本P62原頁標˙ㄒㄧ，教材注音正確；作為負向回歸控制。,hard_gate,
NEG-003,115國小健體3下課本,28,腹部分為,分,,ㄈㄣ,ㄈㄣ,確認正確,使用者人工確認（2026-08-14）,課文結構為「腹部／分為」；「分」讀ㄈㄣ正確。v1.5加入高優先完整詞境規則，消除「部分」與「分為」交疊造成的假衝突。,hard_gate,
NEG-004,115國小健體3下課本,5,真功夫,夫,,˙ㄈㄨ,˙ㄈㄨ,確認正確,使用者人工確認（2026-08-14）,原 v1.5.1 差異候選是解碼誤讀；PDF 實際標示與預期相同。,hard_gate,
NEG-005,115國小健體3下課本,12,呵。,呵,,ㄛ,ㄛ,確認正確,使用者人工確認（2026-08-14）,原 v1.5.1 差異候選是解碼誤讀；PDF 實際標示與預期相同。,hard_gate,
NEG-006,115國小健體3下課本,17,呵!,呵,,ㄛ,ㄛ,確認正確,使用者人工確認（2026-08-14）,原 v1.5.1 差異候選是解碼誤讀；PDF 實際標示與預期相同。,hard_gate,
NEG-007,115國小健體3下課本,26,呵。,呵,,ㄛ,ㄛ,確認正確,使用者人工確認（2026-08-14）,原 v1.5.1 差異候選是解碼誤讀；PDF 實際標示與預期相同。,hard_gate,
NEG-008,115國小健體3下課本,45,避難,難,,ㄋㄢˋ,ㄋㄢˋ,確認正確,使用者人工確認（2026-08-14）,原 v1.5.1 差異候選是解碼誤讀；PDF 實際標示與預期相同。,hard_gate,
NEG-009,115國小健體3下課本,54,呵!,呵,,ㄛ,ㄛ,確認正確,使用者人工確認（2026-08-14）,原 v1.5.1 差異候選是解碼誤讀；PDF 實際標示與預期相同。,hard_gate,
NEG-010,115國小健體3下課本,66,呵!,呵,,ㄛ,ㄛ,確認正確,使用者人工確認（2026-08-14）,原 v1.5.1 差異候選是解碼誤讀；PDF 實際標示與預期相同。,hard_gate,
NEG-011,115國小健體3下課本,89,呵!,呵,,ㄛ,ㄛ,確認正確,使用者人工確認（2026-08-14）,原 v1.5.1 差異候選是解碼誤讀；PDF 實際標示與預期相同。,hard_gate,
NEG-012,115國小健體3下課本,149,呵!,呵,,ㄛ,ㄛ,確認正確,使用者人工確認（2026-08-14）,原 v1.5.1 差異候選是解碼誤讀；PDF 實際標示與預期相同。,hard_gate,
NEG-013,115國小健體3下課本,157,穿著,著,,ㄓㄨㄛˊ,ㄓㄨㄛˊ,確認正確,使用者人工確認（2026-08-14）,原 v1.5.1 差異候選是解碼誤讀；PDF 實際標示與預期相同。,hard_gate,
NEG-014,115國小健體3下課本,157,呵!,呵,,ㄛ,ㄛ,確認正確,使用者人工確認（2026-08-14）,原 v1.5.1 差異候選是解碼誤讀；PDF 實際標示與預期相同。,hard_gate,
NEG-015,115國小健體3下課本,166,呵!,呵,,ㄛ,ㄛ,確認正確,使用者人工確認（2026-08-14）,原 v1.5.1 差異候選是解碼誤讀；PDF 實際標示與預期相同。,hard_gate,
NEG-016,115國小健體3下課本,111,一定要在軟墊上練習呵!,呵,,ㄛ,ㄛ,確認正確,使用者人工確認（2026-08-14）,文字層誤抽為「喔」；頁面實際字為「呵」，注音正確。；2026-08-17 分檔流程句境標點正規化為 ASCII !，回歸詞形同步。,hard_gate,
CONF-004,115國小健體3下課本,156,嘴巴,巴,,ㄅㄚ,˙ㄅㄚ,確認錯誤,使用者人工確認（2026-08-14）,課本將「嘴巴」的「巴」標為ㄅㄚ，應為輕聲˙ㄅㄚ；使用者在附件頁碼欄黃底標示。,hard_gate,
NEG-L02-001,03-115國小健體1上課本-L02,43,空格,空,,ㄎㄨㄥˋ,ㄎㄨㄥˋ,確認正確,使用者原頁人工確認（2026-08-14）,課本P43「空格中」的「空」實際標ㄎㄨㄥˋ，與完整詞語預期一致；v1.8 差異是 glyph 對照誤讀，作為跨冊負向回歸控制。,hard_gate,
NEG-4UP-001,115國小健體4上課本,19,飲食得以正常三餐為主,得,,ㄉㄟˇ,ㄉㄟˇ,確認正確,使用者人工確認（2026-08-14）,課文分段為「飲食／得／以正常…」；舊版錯把「得以」當完整詞。,hard_gate,
NEG-4UP-002,115國小健體4上課本,19,著想,著,,ㄓㄠˊ,ㄓㄠˊ,確認正確,使用者人工確認（2026-08-14）,使用者確認課文注音正確；舊預期ㄓㄨㄛˊ不適用此專案。,hard_gate,
NEG-4UP-003,115國小健體4上課本,21,充分,分,,ㄈㄣˋ,ㄈㄣˋ,確認正確,使用者人工確認（2026-08-14）,「充分」的分讀ㄈㄣˋ；舊預期ㄈㄣ錯。,hard_gate,
NEG-4UP-004,115國小健體4上課本,23,充分睡眠,分,,ㄈㄣˋ,ㄈㄣˋ,確認正確,使用者人工確認（2026-08-14）,「充分睡眠」的分讀ㄈㄣˋ；舊預期ㄈㄣ錯。,hard_gate,
NEG-4UP-005,115國小健體4上課本,153,背於,背,,ㄅㄟ,ㄅㄟ,確認正確,使用者人工確認（2026-08-14）,「背於腰後／兩側」的背讀ㄅㄟ。,hard_gate,
NEG-4UP-006,115國小健體4上課本,153,背手,背,,ㄅㄟ,ㄅㄟ,確認正確,使用者人工確認（2026-08-14）,「背手跳」的背讀ㄅㄟ。,hard_gate,
CONF-4UP-001,115國小健體4上課本,42,冠軍,冠,,ㄍㄨㄢ,ㄍㄨㄢˋ,確認錯誤,使用者人工確認（2026-08-14）,課本將「冠軍」的冠標ㄍㄨㄢ，應為ㄍㄨㄢˋ。,hard_gate,
CONF-4UP-002,115國小健體4上課本,48,成長,長,,ㄔㄤˊ,ㄓㄤˇ,確認錯誤,使用者人工確認（2026-08-14）,課本將「成長」的長標ㄔㄤˊ，應為ㄓㄤˇ。,hard_gate,
CONF-4UP-003,115國小健體4上課本,74,種植,種,,ㄓㄨㄥˇ,ㄓㄨㄥˋ,確認錯誤,使用者人工確認（2026-08-14）,課本將「種植」的種標ㄓㄨㄥˇ，應為ㄓㄨㄥˋ。,hard_gate,
CONF-4UP-004,115國小健體4上課本,78,種植,種,,ㄓㄨㄥˇ,ㄓㄨㄥˋ,確認錯誤,使用者人工確認（2026-08-14）,課本將「種植」的種標ㄓㄨㄥˇ，應為ㄓㄨㄥˋ。,hard_gate,
CONF-4UP-005,115國小健體4上課本,78,處罰,處,,ㄔㄨˋ,ㄔㄨˇ,確認錯誤,使用者人工確認（2026-08-14）,課本將「處罰」的處標ㄔㄨˋ，應為ㄔㄨˇ。,hard_gate,
CONF-4UP-006,115國小健體4上課本,107,他們,們,,ㄇㄣˊ,˙ㄇㄣ,確認錯誤,使用者人工確認（2026-08-14）,課本將「他們」的們標ㄇㄣˊ，應為輕聲˙ㄇㄣ。,hard_gate,
CONF-4UP-007,115國小健體4上課本,129,更靈活,更,,ㄍㄥ,ㄍㄥˋ,確認錯誤,使用者人工確認（2026-08-14）,課本將「更靈活」的更標ㄍㄥ，應為ㄍㄥˋ。,hard_gate,
CONF-4UP-008,115國小健體4上課本,170,一分鐘,一,,ㄧ,ㄧˋ,確認錯誤,使用者人工確認（2026-08-14）,課本將「一分鐘」的一標本調ㄧ；此處依變調應為ㄧˋ。,hard_gate,
CONF-4UP-009,115國小健體4上課本,180,一分鐘,一,,ㄧ,ㄧˋ,確認錯誤,使用者人工確認（2026-08-14）,課本將「一分鐘」的一標本調ㄧ；此處依變調應為ㄧˋ。,hard_gate,
CONF-4UP-010,115國小健體4上課本,207,種子,子,,˙ㄗ,ㄗˇ,確認錯誤,使用者人工確認（2026-08-14）,課本將「種子」的子標輕聲˙ㄗ；依專案審訂基準應為ㄗˇ。,hard_gate,
CONF-4UP-011,115國小健體4上課本,208,男子,子,,˙ㄗ,ㄗˇ,確認錯誤,使用者人工確認（2026-08-14）,課本將「男子」的子標輕聲˙ㄗ；依專案審訂基準應為ㄗˇ。,hard_gate,
CONF-4UP-012,115國小健體4上課本,48,嶄露頭角,露,,ㄌㄡˋ,ㄌㄨˋ,確認錯誤,使用者人工確認（2026-08-14）,四上 P48「嶄露頭角」的「露」課本實際標 ㄌㄡˋ；完整詞語應讀 ㄌㄨˋ。PDF 實際解碼正確，確認教材注音錯誤。,hard_gate,
CONF-4UP-013,115國小健體4上課本,78,"處1,200元",處,,ㄔㄨˋ,ㄔㄨˇ,確認錯誤,使用者人工確認（2026-08-14）,"四上 P78「依廢棄物清理法規定，處1,200元以上……罰鍰」的「處」課本實際標 ㄔㄨˋ；懲罰義應讀 ㄔㄨˇ。PDF 實際解碼正確，確認教材注音錯誤。",hard_gate,
NEG-3DN-001,115國小健體3下課本,106,空隙,空,,ㄎㄨㄥˋ,ㄎㄨㄥˋ,確認正確,使用者原頁人工確認（2026-08-14）,三下 P106「空隙」的「空」課本注音正確為 ㄎㄨㄥˋ。v2.1 差異候選源自 TTF glyph 對照誤記，v2.2 修正 YenRoundZuinn1EG-Md#14792。,hard_gate,
NEG-017,115國小健體3下課本,58,耶!,耶,,ㄧㄝ,ㄧㄝ,確認正確,使用者人工確認（2026-08-14）,P58「耶！」為 Yeah 音譯／口語感嘆；v2.7 改以正確句界「耶!」定位。,hard_gate,
NEG-018,115國小健體3下課本,131,踢中球心,中,,ㄓㄨㄥˋ,ㄓㄨㄥˋ,確認正確,使用者人工確認（2026-08-14）,P131「踢中球心」的「中」為擊中義，讀ㄓㄨㄥˋ；舊預設ㄓㄨㄥ錯。,hard_gate,
NEG-019,115國小健體3下課本,138,第一球,一,,ㄧ,ㄧ,確認正確,使用者人工確認（2026-08-14）,P138「第一球」為序數，課本標本調ㄧ正確；完整詞形應優先於「一球」變調規則。,hard_gate,
CONF-005,115國小健體3下課本,7,我們將搭乘,們,,ㄇㄣˊ,˙ㄇㄣ,確認錯誤,使用者人工確認（2026-08-14）,P7「我們將搭乘」的「們」課本標ㄇㄣˊ，應讀輕聲˙ㄇㄣ。,hard_gate,
CONF-006,115國小健體3下課本,7,我們應該具備,們,,ㄇㄣˊ,˙ㄇㄣ,確認錯誤,使用者人工確認（2026-08-14）,P7「我們應該具備」的「們」課本標ㄇㄣˊ，應讀輕聲˙ㄇㄣ。,hard_gate,
CONF-007,115國小健體3下課本,26,嘴巴破,巴,,ㄅㄚ,˙ㄅㄚ,確認錯誤,使用者人工確認（2026-08-14）,P26「嘴巴破」的「巴」課本標ㄅㄚ，應讀輕聲˙ㄅㄚ。,hard_gate,
CONF-008,115國小健體3下課本,60,蘋果,蘋,,ㄆㄧㄣˊ,ㄆㄧㄥˊ,確認錯誤,使用者人工確認（2026-08-14）,P60「蘋果」的「蘋」課本標ㄆㄧㄣˊ，應為ㄆㄧㄥˊ。,hard_gate,
CONF-009,115國小健體3下課本,90,更多愛運動,更,,ㄍㄥ,ㄍㄥˋ,確認錯誤,使用者人工確認（2026-08-14）,P90「更多愛運動」的「更」課本標ㄍㄥ，程度副詞應讀ㄍㄥˋ。,hard_gate,
CONF-010,115國小健體3下課本,99,搶球大戰一年級,一,,ㄧ,ㄧˋ,確認錯誤,使用者人工確認（2026-08-14）,P99「一年級100公尺決賽」的一課本標ㄧ；依專案變調基準應為ㄧˋ。,hard_gate,
CONF-011,115國小健體3下課本,99,決賽一年級,一,,ㄧ,ㄧˋ,確認錯誤,使用者人工確認（2026-08-14）,P99另一處「一年級」的一課本標ㄧ；依專案變調基準應為ㄧˋ。,hard_gate,
CONF-012,115國小健體3下課本,141,擊中牆,中,,ㄓㄨㄥ,ㄓㄨㄥˋ,確認錯誤,使用者人工確認（2026-08-14）,P141「擊中牆」的「中」為命中義，課本標ㄓㄨㄥ，應讀ㄓㄨㄥˋ。,hard_gate,
CONF-013,115國小健體3下課本,143,我們的進攻和防守,們,,ㄇㄣˊ,˙ㄇㄣ,確認錯誤,使用者人工確認（2026-08-14）,P143「我們的進攻和防守」的「們」課本標ㄇㄣˊ，應讀輕聲˙ㄇㄣ。,hard_gate,
CONF-014,115國小健體3下課本,155,我們一起,們,,ㄇㄣˊ,˙ㄇㄣ,確認錯誤,使用者人工確認（2026-08-14）,P155「我們一起」的「們」課本標ㄇㄣˊ，應讀輕聲˙ㄇㄣ。,hard_gate,
CONF-015,115國小健體3下課本,165,嘴巴幾乎,巴,,ㄅㄚ,˙ㄅㄚ,確認錯誤,使用者人工確認（2026-08-14）,P165「嘴巴幾乎靠近水面」的「巴」課本標ㄅㄚ，應讀輕聲˙ㄅㄚ。,hard_gate,
CONF-016,115國小健體3下課本,166,嘴巴吸氣,巴,,ㄅㄚ,˙ㄅㄚ,確認錯誤,使用者人工確認（2026-08-14）,P166「用嘴巴吸氣」的「巴」課本標ㄅㄚ，應讀輕聲˙ㄅㄚ。,hard_gate,
CONF-017,115國小健體3下課本,51,負載,載,,ㄗㄞˇ,ㄗㄞˋ,確認錯誤,使用者人工確認（2026-08-14）,三下 P51「負載」的「載」課本實際標ㄗㄞˇ；完整詞語應讀ㄗㄞˋ。PDF實際解碼正確，確認教材注音錯誤。,hard_gate,
CONF-018,115國小健體3下課本,59,桶子,子,,ㄗˇ,˙ㄗ,確認錯誤,使用者人工確認（2026-08-14）,三下 P59「桶子」的「子」課本實際標ㄗˇ；完整詞語應讀輕聲˙ㄗ。PDF實際解碼正確，確認教材注音錯誤。,hard_gate,
NEG-4D-001,114國小健體4下課本,16,萎縮,萎,,ㄨㄟ,ㄨㄟ,確認正確,使用者人工確認（2026-08-14）,課本注音正確；舊預期規則錯誤。,hard_gate,
CONF-4D-001,114國小健體4下課本,56,我們,們,,ㄇㄣˊ,˙ㄇㄣ,確認錯誤,使用者人工確認（2026-08-14）,教材將「們」標為ㄇㄣˊ，應為輕聲。,hard_gate,
NEG-4D-002,114國小健體4下課本,132,調整,調,,ㄊㄧㄠˊ,ㄊㄧㄠˊ,確認正確,使用者人工確認（2026-08-14）,課本注音正確；v2.6 同座標白色底層字形造成重複解碼，v2.7 改採可見文字層去重。,hard_gate,
CONF-4D-002,114國小健體4下課本,161,一名,一,,ㄧˊ,ㄧˋ,確認錯誤,使用者人工確認（2026-08-14）,教材注音錯誤。,hard_gate,
NEG-4D-003,114國小健體4下課本,166,包括,括,,ㄍㄨㄚ,ㄍㄨㄚ,確認正確,使用者人工確認（2026-08-14）,課本注音正確；使用者指定以教育部《國語辭典簡編本》為準。,hard_gate,
CONF-4D-003,114國小健體4下課本,170,一人,一,,ㄧˊ,ㄧˋ,確認錯誤,使用者人工確認（2026-08-14）,教材注音錯誤。,hard_gate,
CONF-4D-004,114國小健體4下課本,177,牛仔,仔,,ㄗˇ,ㄗㄞˇ,確認錯誤,使用者人工確認（2026-08-14）,教材「牛仔褲」的「仔」注音錯誤。,hard_gate,
NEG-4D-004,114國小健體4下課本,178,為何,為,,ㄨㄟˊ,ㄨㄟˊ,確認正確,使用者人工確認（2026-08-14）,課本注音正確；另作為版面區塊句境回歸，所在句不得混入右側「熟記防溺十招…」文字盒。,hard_gate,
CONF-4D-005,114國小健體4下課本,197,救難,難,,ㄋㄢˊ,ㄋㄢˋ,確認錯誤,使用者人工確認（2026-08-14）,教材注音錯誤。,hard_gate,
NEG-4D-005,114國小健體4下課本,73,罐頭,頭,,˙ㄊㄡ,˙ㄊㄡ,確認正確,使用者人工確認（2026-08-15）,P73 罐頭「頭」課本輕聲正確；v2.8 解碼誤讀。,hard_gate,
NEG-4D-006,114國小健體4下課本,73,背包,背,,ㄅㄟ,ㄅㄟ,確認正確,使用者人工確認（2026-08-15）,P73 背包「背」課本ㄅㄟ正確；v2.8 解碼誤讀。,hard_gate,
NEG-4D-007,114國小健體4下課本,83,搖晃,晃,,ㄏㄨㄤˋ,ㄏㄨㄤˋ,確認正確,使用者人工確認（2026-08-15）,P83 搖晃「晃」課本ㄏㄨㄤˋ正確；v2.8 解碼誤讀。,hard_gate,
NEG-4D-008,114國小健體4下課本,136,球兒,兒,,ㄦ,ㄦ,確認正確,使用者人工確認（2026-08-15）,P136 球兒「兒」課本ㄦ正確；v2.8 解碼誤讀。,hard_gate,
NEG-4D-009,114國小健體4下課本,197,急難救助,難,,ㄋㄢˊ,ㄋㄢˊ,確認正確,使用者人工確認（2026-08-15）,P197 急難救助「難」課本ㄋㄢˊ正確；v2.8 解碼誤讀。,hard_gate,
NEG-4D-010,114國小健體4下課本,1,防災避難措施,難,,ㄋㄢˋ,ㄋㄢˋ,確認正確,使用者人工確認（2026-08-15）,P1「防災避難措施」難＝ㄋㄢˋ；同 font+component ID 在不同 PDF 字型子集不可共用，v3.0 以 font_xref 覆寫。,hard_gate,
NEG-4D-011,114國小健體4下課本,73,緊急避難包,難,,ㄋㄢˋ,ㄋㄢˋ,確認正確,使用者人工確認（2026-08-15）,P73「緊急避難包」難＝ㄋㄢˋ，v2.9 解碼誤讀。,hard_gate,
CONF-4D-006,114國小健體4下課本,77,繫緊,繫,,ㄒㄧˋ,ㄐㄧˋ,確認錯誤,使用者人工確認（2026-08-15）,P77「將船隻繫緊」的繫，PDF 實際標ㄒㄧˋ；綁結義預期ㄐㄧˋ，確認教材注音錯誤。,hard_gate,
NEG-4D-012,114國小健體4下課本,83,倡導緊急避難包,難,,ㄋㄢˋ,ㄋㄢˋ,確認正確,使用者人工確認（2026-08-15）,P83 第一處「緊急避難包」難＝ㄋㄢˋ。,hard_gate,
NEG-4D-013,114國小健體4下課本,83,準備緊急避難包,難,,ㄋㄢˋ,ㄋㄢˋ,確認正確,使用者人工確認（2026-08-15）,P83 第二處「緊急避難包」難＝ㄋㄢˋ。,hard_gate,
NEG-4D-014,114國小健體4下課本,83,緊急避難包的重要性,難,,ㄋㄢˋ,ㄋㄢˋ,確認正確,使用者人工確認（2026-08-15）,P83 第三處「緊急避難包」難＝ㄋㄢˋ。,hard_gate,
NEG-4D-015,114國小健體4下課本,90,降階,降,,ㄐㄧㄤˋ,ㄐㄧㄤˋ,確認正確,使用者人工確認（2026-08-15）,P90「降階弓箭步」降＝ㄐㄧㄤˋ；v2.9 群組回退少讀四聲。,hard_gate,
NEG-4D-016,114國小健體4下課本,166,飛彈,彈,,ㄉㄢˋ,ㄉㄢˋ,確認正確,使用者人工確認（2026-08-15）,P166「飛彈發射」彈＝ㄉㄢˋ；v2.9 全域 component 對照誤讀。,hard_gate,
CONF-3UP-001,115國小健體3上課本,88,為什麼,為,,ㄨㄟˊ,ㄨㄟˋ,確認錯誤,使用者人工確認（2026-08-15）,三上P88「為什麼」的「為」課本標ㄨㄟˊ；辨識正確，教材注音錯誤，應為ㄨㄟˋ。 舊版來源未保存 exact PDF SHA-256；v5.6.2 起保留為參考案例，不阻擋其他三上版本完成。,reference_only,
NEG-3UP-001,115國小健體3上課本,140,一樣,一,,ㄧˊ,ㄧˊ,確認正確,使用者人工確認（2026-08-15）,三上P140「一樣」的「一」課本注音正確；v3.4 實際注音誤辨為ㄧˋ。頁面特定真值，不可泛化到同字型同glyph其他頁。 舊版來源未保存 exact PDF SHA-256；v5.6.2 起保留為參考案例，不阻擋其他三上版本完成。,reference_only,
NEG-3UP-002,115國小健體3上課本,142,石頭,頭,,˙ㄊㄡ,˙ㄊㄡ,確認正確,使用者人工確認（2026-08-15）,三上P142「石頭」的「頭」課本注音正確；v3.4 實際注音誤辨為ㄊㄡˊ。 舊版來源未保存 exact PDF SHA-256；v5.6.2 起保留為參考案例，不阻擋其他三上版本完成。,reference_only,
NEG-3UP-003,115國小健體3上課本,13,骨頭,頭,,˙ㄊㄡ,˙ㄊㄡ,確認正確,使用者人工確認（2026-08-15）,三上P13兩處「骨頭」的「頭」均為輕聲；頁面字型子集覆寫需同時修正兩個出現位置。 舊版來源未保存 exact PDF SHA-256；v5.6.2 起保留為參考案例，不阻擋其他三上版本完成。,reference_only,
NEG-3UP-004,115國小健體3上課本,20,調整,調,,ㄊㄧㄠˊ,ㄊㄧㄠˊ,確認正確,使用者人工確認（2026-08-15）,三上P20「調整」的「調」課本注音正確；v3.4 實際注音誤辨為ㄉㄧㄠˋ。 舊版來源未保存 exact PDF SHA-256；v5.6.2 起保留為參考案例，不阻擋其他三上版本完成。,reference_only,
NEG-3UP-005,115國小健體3上課本,108,一級棒,一,,ㄧˋ,ㄧˋ,確認正確,使用者人工確認（2026-08-15）,三上P108「一級棒」的「一」實際辨識ㄧˋ正確；原預期規則錯誤，應為ㄧˋ。 舊版來源未保存 exact PDF SHA-256；v5.6.2 起保留為參考案例，不阻擋其他三上版本完成。,reference_only,
CONF-3UP-002,115國小健體3上課本,51,下載,載,,ㄗㄞˇ,ㄗㄞˋ,確認錯誤,使用者人工確認（2026-08-15）,三上P51「下載」的「載」課本標ㄗㄞˇ；字形辨識正確，教材注音錯誤，應為ㄗㄞˋ。 舊版來源未保存 exact PDF SHA-256；v5.6.2 起保留為參考案例，不阻擋其他三上版本完成。,reference_only,
NEG-3UP-006,115國小健體3上課本,20,背帶,背,,ㄅㄟ,ㄅㄟ,確認正確,使用者人工確認（2026-08-15）,三上P20「背帶」的「背」課本實際標ㄅㄟ；v3.6 誤取同座標隱藏底層字形而讀成ㄅㄟˋ。v3.7 以跨字型可見層去重＋結構注音偵測取得可見 n@dW5@ 字形。 舊版來源未保存 exact PDF SHA-256；v5.6.2 起保留為參考案例，不阻擋其他三上版本完成。,reference_only,
CONF-3UP-003,115國小健體3上課本,75,想一想,一,,ㄧˋ,ㄧˋ,確認正確,使用者確認「一」變調規則（2026-08-17）,A一A 依一般「一」變調規則判定；後字「想」為第3聲，故中間「一」應標ㄧˋ。實際ㄧˋ，符合規則。 舊版來源未保存 exact PDF SHA-256；v5.6.2 起保留為參考案例，不阻擋其他三上版本完成。,reference_only,
CONF-3UP-004,115國小健體3上課本,106,想一想,一,,ㄧˋ,ㄧˋ,確認正確,使用者確認「一」變調規則（2026-08-17）,A一A 依一般「一」變調規則判定；後字「想」為第3聲，故中間「一」應標ㄧˋ。實際ㄧˋ，符合規則。 舊版來源未保存 exact PDF SHA-256；v5.6.2 起保留為參考案例，不阻擋其他三上版本完成。,reference_only,
CONF-3UP-005,115國小健體3上課本,111,想一想,一,,ㄧˋ,ㄧˋ,確認正確,使用者確認「一」變調規則（2026-08-17）,A一A 依一般「一」變調規則判定；後字「想」為第3聲，故中間「一」應標ㄧˋ。實際ㄧˋ，符合規則。 舊版來源未保存 exact PDF SHA-256；v5.6.2 起保留為參考案例，不阻擋其他三上版本完成。,reference_only,
CONF-3UP-006,115國小健體3上課本,119,想一想,一,,ㄧˋ,ㄧˋ,確認正確,使用者確認「一」變調規則（2026-08-17）,A一A 依一般「一」變調規則判定；後字「想」為第3聲，故中間「一」應標ㄧˋ。實際ㄧˋ，符合規則。 舊版來源未保存 exact PDF SHA-256；v5.6.2 起保留為參考案例，不阻擋其他三上版本完成。,reference_only,
CONF-3UP-007,115國小健體3上課本,140,想一想,一,,ㄧˋ,ㄧˋ,確認正確,使用者確認「一」變調規則（2026-08-17）,A一A 依一般「一」變調規則判定；後字「想」為第3聲，故中間「一」應標ㄧˋ。實際ㄧˋ，符合規則。 舊版來源未保存 exact PDF SHA-256；v5.6.2 起保留為參考案例，不阻擋其他三上版本完成。,reference_only,
CONF-3UP-008,115國小健體3上課本,15,想一想,一,,ㄧˋ,ㄧˋ,確認正確,使用者確認「一」變調規則（2026-08-17）,A一A 依一般「一」變調規則判定；後字「想」為第3聲，故中間「一」應標ㄧˋ。實際ㄧˋ，符合規則。 舊版來源未保存 exact PDF SHA-256；v5.6.2 起保留為參考案例，不阻擋其他三上版本完成。,reference_only,
CONF-3UP-009,115國小健體3上課本,53,想一想,一,,ㄧˋ,ㄧˋ,確認正確,使用者確認「一」變調規則（2026-08-17）,A一A 依一般「一」變調規則判定；後字「想」為第3聲，故中間「一」應標ㄧˋ。實際ㄧˋ，符合規則。 舊版來源未保存 exact PDF SHA-256；v5.6.2 起保留為參考案例，不阻擋其他三上版本完成。,reference_only,
NEG-3D-V40-Y01,115國小健體3下課本,7,好奇,好,,ㄏㄠˋ,ㄏㄠˋ,確認正確,使用者附檔色底人工判定（2026-08-15）,附檔黃底：使用者確認課本注音正確，v3.9 實際注音「ㄏㄠˇ」為辨識錯誤；v4.0 使用出現位置限定人工實際注音覆寫。,hard_gate,
NEG-3D-V40-Y02,115國小健體3下課本,7,了解,了,,ㄌㄧㄠˇ,ㄌㄧㄠˇ,確認正確,使用者附檔色底人工判定（2026-08-15）,附檔黃底：使用者確認課本注音正確，v3.9 實際注音「˙ㄌㄜ」為辨識錯誤；v4.0 使用出現位置限定人工實際注音覆寫。,hard_gate,
NEG-3D-V40-Y03,115國小健體3下課本,15,一歲,一,,ㄧˊ,ㄧˊ,確認正確,使用者附檔色底人工判定（2026-08-15）,附檔黃底：使用者確認課本注音正確，v3.9 實際注音「ㄧ」為辨識錯誤；v4.0 使用出現位置限定人工實際注音覆寫。；v5.2.1 以現版可重現的局部詞「一歲」作 identity locator，歷史讀音真值不參與定位。,hard_gate,
NEG-3D-V40-Y04,115國小健體3下課本,20,當然囉,囉,,˙ㄌㄨㄛ,˙ㄌㄨㄛ,確認正確,使用者附檔色底人工判定（2026-08-15）,附檔黃底：使用者確認課本注音正確，v3.9 實際注音「ㄌㄨㄛ」為辨識錯誤；v4.0 使用出現位置限定人工實際注音覆寫。,hard_gate,
NEG-3D-V40-Y05,115國小健體3下課本,36,被媽媽阻止了,媽,1,˙ㄇㄚ,˙ㄇㄚ,確認正確,使用者附檔色底人工判定（2026-08-15）,附檔黃底：使用者確認課本注音正確，v3.9 實際注音「ㄇㄚ」為辨識錯誤；v4.0 使用出現位置限定人工實際注音覆寫。,hard_gate,
NEG-3D-V40-Y06,115國小健體3下課本,38,挑戰,挑,,ㄊㄧㄠˇ,ㄊㄧㄠˇ,確認正確,使用者附檔色底人工判定（2026-08-15）,附檔黃底：使用者確認課本注音正確，v3.9 實際注音「ㄊㄧㄠ」為辨識錯誤；v4.0 使用出現位置限定人工實際注音覆寫。,hard_gate,
CONF-3D-V40-W01,115國小健體3下課本,11,想一想,一,,ㄧˋ,ㄧˋ,確認正確,使用者確認「一」變調規則（2026-08-17）,A一A 依一般「一」變調規則判定；後字「想」為第3聲，故中間「一」應標ㄧˋ。實際ㄧˋ，符合規則。,hard_gate,
CONF-3D-V40-W02,115國小健體3下課本,14,想一想,一,,ㄧˋ,ㄧˋ,確認正確,使用者確認「一」變調規則（2026-08-17）,A一A 依一般「一」變調規則判定；後字「想」為第3聲，故中間「一」應標ㄧˋ。實際ㄧˋ，符合規則。,hard_gate,
CONF-3D-V40-W03,115國小健體3下課本,16,說一說,一,,ㄧˋ,ㄧˋ,確認正確,使用者確認「一」變調規則（2026-08-17）,A一A 依一般「一」變調規則判定；後字「說」為第1聲，故中間「一」應標ㄧˋ。實際ㄧˋ，符合規則。,hard_gate,
CONF-3D-V40-W04,115國小健體3下課本,23,找一找,一,,ㄧˋ,ㄧˋ,確認正確,使用者確認「一」變調規則（2026-08-17）,A一A 依一般「一」變調規則判定；後字「找」為第3聲，故中間「一」應標ㄧˋ。實際ㄧˋ，符合規則。,hard_gate,
CONF-3D-V40-W05,115國小健體3下課本,42,說一說,一,,ㄧˋ,ㄧˋ,確認正確,使用者確認「一」變調規則（2026-08-17）,A一A 依一般「一」變調規則判定；後字「說」為第1聲，故中間「一」應標ㄧˋ。實際ㄧˋ，符合規則。,hard_gate,
CONF-3D-V40-W06,115國小健體3下課本,53,找一找家裡,一,,ㄧˋ,ㄧˋ,確認正確,使用者確認「一」變調規則（2026-08-17）,A一A 依一般「一」變調規則判定；後字「找」為第3聲，故中間「一」應標ㄧˋ。實際ㄧˋ，符合規則。,hard_gate,
CONF-3D-V40-W07,115國小健體3下課本,53,找一找學校,一,,ㄧˋ,ㄧˋ,確認正確,使用者確認「一」變調規則（2026-08-17）,A一A 依一般「一」變調規則判定；後字「找」為第3聲，故中間「一」應標ㄧˋ。實際ㄧˋ，符合規則。,hard_gate,
CONF-3D-V40-W08,115國小健體3下課本,58,想一想,一,,ㄧˋ,ㄧˋ,確認正確,使用者確認「一」變調規則（2026-08-17）,A一A 依一般「一」變調規則判定；後字「想」為第3聲，故中間「一」應標ㄧˋ。實際ㄧˋ，符合規則。,hard_gate,
CONF-3D-V40-W09,115國小健體3下課本,60,說一說,一,,ㄧˋ,ㄧˋ,確認正確,使用者確認「一」變調規則（2026-08-17）,A一A 依一般「一」變調規則判定；後字「說」為第1聲，故中間「一」應標ㄧˋ。實際ㄧˋ，符合規則。,hard_gate,
CONF-3D-V40-W10,115國小健體3下課本,62,想一想,一,,ㄧˋ,ㄧˋ,確認正確,使用者確認「一」變調規則（2026-08-17）,A一A 依一般「一」變調規則判定；後字「想」為第3聲，故中間「一」應標ㄧˋ。實際ㄧˋ，符合規則。,hard_gate,
CONF-3D-V40-W11,115國小健體3下課本,62,避免過度包裝,過,,ㄍㄨㄛ,ㄍㄨㄛˋ,確認錯誤,使用者附檔色底人工判定（2026-08-15）,附檔白底：使用者確認課本注音確實錯誤；保留實際注音與獨立預期音，列入確認錯誤回歸。,hard_gate,
CONF-3D-V40-W12,115國小健體3下課本,64,說一說,一,,ㄧˋ,ㄧˋ,確認正確,使用者確認「一」變調規則（2026-08-17）,A一A 依一般「一」變調規則判定；後字「說」為第1聲，故中間「一」應標ㄧˋ。實際ㄧˋ，符合規則。,hard_gate,
CONF-3D-V40-W13,115國小健體3下課本,67,"可回收的垃圾都能再利用,小朋友想一",一,,ㄧˋ,ㄧˋ,確認正確,使用者確認「一」變調規則（2026-08-17）,A一A 依一般「一」變調規則判定；後字「想」為第3聲，故中間「一」應標ㄧˋ。實際ㄧˋ，符合規則。,hard_gate,
CONF-3D-V40-W14,115國小健體3下課本,76,想一想,一,,ㄧˋ,ㄧˋ,確認正確,使用者確認「一」變調規則（2026-08-17）,A一A 依一般「一」變調規則判定；後字「想」為第3聲，故中間「一」應標ㄧˋ。實際ㄧˋ，符合規則。,hard_gate,
CONF-3D-V40-W15,115國小健體3下課本,79,想一想,一,,ㄧˋ,ㄧˋ,確認正確,使用者確認「一」變調規則（2026-08-17）,A一A 依一般「一」變調規則判定；後字「想」為第3聲，故中間「一」應標ㄧˋ。實際ㄧˋ，符合規則。,hard_gate,
CONF-3D-V40-W16,115國小健體3下課本,82,想一想,一,,ㄧˋ,ㄧˋ,確認正確,使用者確認「一」變調規則（2026-08-17）,A一A 依一般「一」變調規則判定；後字「想」為第3聲，故中間「一」應標ㄧˋ。實際ㄧˋ，符合規則。,hard_gate,
CONF-3D-V40-W17,115國小健體3下課本,88,想一想,一,,ㄧˋ,ㄧˋ,確認正確,使用者確認「一」變調規則（2026-08-17）,A一A 依一般「一」變調規則判定；後字「想」為第3聲，故中間「一」應標ㄧˋ。實際ㄧˋ，符合規則。,hard_gate,
CONF-3D-V40-W18,115國小健體3下課本,91,想一想,一,,ㄧˋ,ㄧˋ,確認正確,使用者確認「一」變調規則（2026-08-17）,A一A 依一般「一」變調規則判定；後字「想」為第3聲，故中間「一」應標ㄧˋ。實際ㄧˋ，符合規則。,hard_gate,
CONF-3D-V40-W19,115國小健體3下課本,91,說一說,一,,ㄧˋ,ㄧˋ,確認正確,使用者確認「一」變調規則（2026-08-17）,A一A 依一般「一」變調規則判定；後字「說」為第1聲，故中間「一」應標ㄧˋ。實際ㄧˋ，符合規則。,hard_gate,
CONF-3D-V40-W20,115國小健體3下課本,99,想一想,一,,ㄧˋ,ㄧˋ,確認正確,使用者確認「一」變調規則（2026-08-17）,A一A 依一般「一」變調規則判定；後字「想」為第3聲，故中間「一」應標ㄧˋ。實際ㄧˋ，符合規則。,hard_gate,
CONF-3D-V40-W21,115國小健體3下課本,122,"一想,你如何展現自己的責任,以下有幾",一,,ㄧˋ,ㄧˋ,確認正確,使用者確認「一」變調規則（2026-08-17）,A一A 依一般「一」變調規則判定；後字「想」為第3聲，故中間「一」應標ㄧˋ。實際ㄧˋ，符合規則。,hard_gate,
CONF-3D-V40-W22,115國小健體3下課本,123,想一想,一,,ㄧˋ,ㄧˋ,確認正確,使用者確認「一」變調規則（2026-08-17）,A一A 依一般「一」變調規則判定；後字「想」為第3聲，故中間「一」應標ㄧˋ。實際ㄧˋ，符合規則。,hard_gate,
CONF-3D-V40-W23,115國小健體3下課本,131,說一說,一,,ㄧˋ,ㄧˋ,確認正確,使用者確認「一」變調規則（2026-08-17）,A一A 依一般「一」變調規則判定；後字「說」為第1聲，故中間「一」應標ㄧˋ。實際ㄧˋ，符合規則。,hard_gate,
CONF-3D-V40-W24,115國小健體3下課本,135,想一想,一,,ㄧˋ,ㄧˋ,確認正確,使用者確認「一」變調規則（2026-08-17）,A一A 依一般「一」變調規則判定；後字「想」為第3聲，故中間「一」應標ㄧˋ。實際ㄧˋ，符合規則。,hard_gate,
CONF-3D-V40-W25,115國小健體3下課本,137,想一想,一,,ㄧˋ,ㄧˋ,確認正確,使用者確認「一」變調規則（2026-08-17）,A一A 依一般「一」變調規則判定；後字「想」為第3聲，故中間「一」應標ㄧˋ。實際ㄧˋ，符合規則。,hard_gate,
CONF-3D-V40-W26,115國小健體3下課本,138,想一想,一,,ㄧˋ,ㄧˋ,確認正確,使用者確認「一」變調規則（2026-08-17）,A一A 依一般「一」變調規則判定；後字「想」為第3聲，故中間「一」應標ㄧˋ。實際ㄧˋ，符合規則。,hard_gate,
CONF-3D-V40-W27,115國小健體3下課本,142,想一想,一,,ㄧˋ,ㄧˋ,確認正確,使用者確認「一」變調規則（2026-08-17）,A一A 依一般「一」變調規則判定；後字「想」為第3聲，故中間「一」應標ㄧˋ。實際ㄧˋ，符合規則。,hard_gate,
CONF-3D-V40-W28,115國小健體3下課本,143,想一想,一,,ㄧˋ,ㄧˋ,確認正確,使用者確認「一」變調規則（2026-08-17）,A一A 依一般「一」變調規則判定；後字「想」為第3聲，故中間「一」應標ㄧˋ。實際ㄧˋ，符合規則。,hard_gate,
CONF-3D-V40-W29,115國小健體3下課本,145,想一想,一,,ㄧˋ,ㄧˋ,確認正確,使用者確認「一」變調規則（2026-08-17）,A一A 依一般「一」變調規則判定；後字「想」為第3聲，故中間「一」應標ㄧˋ。實際ㄧˋ，符合規則。,hard_gate,
CONF-3D-V40-W30,115國小健體3下課本,147,想一想,一,,ㄧˋ,ㄧˋ,確認正確,使用者確認「一」變調規則（2026-08-17）,A一A 依一般「一」變調規則判定；後字「想」為第3聲，故中間「一」應標ㄧˋ。實際ㄧˋ，符合規則。,hard_gate,
CONF-3D-V40-W31,115國小健體3下課本,151,想一想,一,,ㄧˋ,ㄧˋ,確認正確,使用者確認「一」變調規則（2026-08-17）,A一A 依一般「一」變調規則判定；後字「想」為第3聲，故中間「一」應標ㄧˋ。實際ㄧˋ，符合規則。,hard_gate,
CONF-3D-V40-W32,115國小健體3下課本,161,想一想,一,,ㄧˋ,ㄧˋ,確認正確,使用者確認「一」變調規則（2026-08-17）,A一A 依一般「一」變調規則判定；後字「想」為第3聲，故中間「一」應標ㄧˋ。實際ㄧˋ，符合規則。,hard_gate,
CONF-3D-V40-W33,115國小健體3下課本,163,想一想,一,,ㄧˋ,ㄧˋ,確認正確,使用者確認「一」變調規則（2026-08-17）,A一A 依一般「一」變調規則判定；後字「想」為第3聲，故中間「一」應標ㄧˋ。實際ㄧˋ，符合規則。,hard_gate,
NEG-3D-V40-G01,115國小健體3下課本,92,包括,括,,ㄍㄨㄚ,ㄍㄨㄚ,確認正確,使用者附檔色底人工判定（2026-08-15）,附檔綠底：使用者確認實際注音辨識正確、舊預期注音錯誤；v4.0 以教育部《國語辭典簡編本》為預期音標準。,hard_gate,
CONF-1U-V49-YI-01,03-115國小健體1上課本-L02(115f196889),43,想一想,一,,ㄧˋ,ㄧˋ,確認正確,使用者確認「一」變調規則（2026-08-17）,A一A 依一般「一」變調規則判定；後字「想」為第3聲，故中間「一」應標ㄧˋ。實際ㄧˋ，符合規則。,hard_gate,
CONF-1U-V49-YI-02,04-115國小健體1上課本-L03(115f196890),49,說一說,一,,ㄧˋ,ㄧˋ,確認正確,使用者確認「一」變調規則（2026-08-17）,A一A 依一般「一」變調規則判定；後字「說」為第1聲，故中間「一」應標ㄧˋ。實際ㄧˋ，符合規則。,hard_gate,
CONF-1U-V49-YI-03,04-115國小健體1上課本-L03(115f196890),51,說一說,一,,ㄧˋ,ㄧˋ,確認正確,使用者確認「一」變調規則（2026-08-17）,A一A 依一般「一」變調規則判定；後字「說」為第1聲，故中間「一」應標ㄧˋ。實際ㄧˋ，符合規則。,hard_gate,
CONF-1U-V49-YI-04,04-115國小健體1上課本-L03(115f196890),56,說一說,一,,ㄧˋ,ㄧˋ,確認正確,使用者確認「一」變調規則（2026-08-17）,A一A 依一般「一」變調規則判定；後字「說」為第1聲，故中間「一」應標ㄧˋ。實際ㄧˋ，符合規則。,hard_gate,
CONF-1U-V49-YI-05,05-115國小健體1上課本-L04(115f196891),62,說一說,一,,ㄧˋ,ㄧˋ,確認正確,使用者確認「一」變調規則（2026-08-17）,A一A 依一般「一」變調規則判定；後字「說」為第1聲，故中間「一」應標ㄧˋ。實際ㄧˋ，符合規則。,hard_gate,
CONF-1U-V49-YI-06,05-115國小健體1上課本-L04(115f196891),65,說一說,一,,ㄧˋ,ㄧˋ,確認正確,使用者確認「一」變調規則（2026-08-17）,A一A 依一般「一」變調規則判定；後字「說」為第1聲，故中間「一」應標ㄧˋ。實際ㄧˋ，符合規則。,hard_gate,
CONF-1U-V49-YI-07,06-115國小健體1上課本-L05(115f196892),75,想一想,一,,ㄧˋ,ㄧˋ,確認正確,使用者確認「一」變調規則（2026-08-17）,A一A 依一般「一」變調規則判定；後字「想」為第3聲，故中間「一」應標ㄧˋ。實際ㄧˋ，符合規則。,hard_gate,
CONF-1U-V49-YI-08,06-115國小健體1上課本-L05(115f196892),77,比一比,一,,ㄧˋ,ㄧˋ,確認正確,使用者確認「一」變調規則（2026-08-17）,A一A 依一般「一」變調規則判定；後字「比」為第3聲，故中間「一」應標ㄧˋ。實際ㄧˋ，符合規則。,hard_gate,
CONF-1U-V49-YI-09,06-115國小健體1上課本-L05(115f196892),78,試一試,一,,ㄧˊ,ㄧˊ,確認正確,使用者確認「一」變調規則（2026-08-17）,A一A 依一般「一」變調規則判定；後字「試」為第4聲，故中間「一」應標ㄧˊ。實際ㄧˊ，符合規則。,hard_gate,
CONF-1U-V49-YI-10,06-115國小健體1上課本-L05(115f196892),79,想一想,一,,ㄧˋ,ㄧˋ,確認正確,使用者確認「一」變調規則（2026-08-17）,A一A 依一般「一」變調規則判定；後字「想」為第3聲，故中間「一」應標ㄧˋ。實際ㄧˋ，符合規則。,hard_gate,
CONF-1U-V49-YI-11,06-115國小健體1上課本-L05(115f196892),80,試一試,一,,ㄧˊ,ㄧˊ,確認正確,使用者確認「一」變調規則（2026-08-17）,A一A 依一般「一」變調規則判定；後字「試」為第4聲，故中間「一」應標ㄧˊ。實際ㄧˊ，符合規則。,hard_gate,
CONF-1U-V49-YI-12,06-115國小健體1上課本-L05(115f196892),84,動一動,一,,ㄧˊ,ㄧˊ,確認正確,使用者確認「一」變調規則（2026-08-17）,A一A 依一般「一」變調規則判定；後字「動」為第4聲，故中間「一」應標ㄧˊ。實際ㄧˊ，符合規則。,hard_gate,
CONF-1U-V49-YI-13,06-115國小健體1上課本-L05(115f196892),87,試一試,一,,ㄧˊ,ㄧˊ,確認正確,使用者確認「一」變調規則（2026-08-17）,A一A 依一般「一」變調規則判定；後字「試」為第4聲，故中間「一」應標ㄧˊ。實際ㄧˊ，符合規則。,hard_gate,
CONF-1U-V49-YI-14,06-115國小健體1上課本-L05(115f196892),88,轉一轉,一,,ㄧˊ,ㄧˋ,確認錯誤,使用者確認「一」變調規則（2026-08-17）,A一A 依一般「一」變調規則判定；後字「轉」為第3聲，故中間「一」應標ㄧˋ。實際ㄧˊ，列為教材錯誤。,hard_gate,
CONF-1U-V49-YI-15,06-115國小健體1上課本-L05(115f196892),88,轉一轉,一,,ㄧˊ,ㄧˋ,確認錯誤,使用者確認「一」變調規則（2026-08-17）,A一A 依一般「一」變調規則判定；後字「轉」為第3聲，故中間「一」應標ㄧˋ。實際ㄧˊ，列為教材錯誤。,hard_gate,
CONF-1U-V49-YI-16,06-115國小健體1上課本-L05(115f196892),89,搖一搖,一,,ㄧˋ,ㄧˋ,確認正確,使用者確認「一」變調規則（2026-08-17）,A一A 依一般「一」變調規則判定；後字「搖」為第2聲，故中間「一」應標ㄧˋ。實際ㄧˋ，符合規則。,hard_gate,
CONF-1U-V49-YI-17,06-115國小健體1上課本-L05(115f196892),89,跳一跳,一,,ㄧˊ,ㄧˊ,確認正確,使用者確認「一」變調規則（2026-08-17）,A一A 依一般「一」變調規則判定；後字「跳」為第4聲，故中間「一」應標ㄧˊ。實際ㄧˊ，符合規則。,hard_gate,
CONF-1U-V49-YI-18,06-115國小健體1上課本-L05(115f196892),93,猜一猜,一,,ㄧˋ,ㄧˋ,確認正確,使用者確認「一」變調規則（2026-08-17）,A一A 依一般「一」變調規則判定；後字「猜」為第1聲，故中間「一」應標ㄧˋ。實際ㄧˋ，符合規則。,hard_gate,
CONF-1U-V49-YI-19,08-115國小健體1上課本-L07(115f196894),115,試一試,一,,ㄧˊ,ㄧˊ,確認正確,使用者確認「一」變調規則（2026-08-17）,A一A 依一般「一」變調規則判定；後字「試」為第4聲，故中間「一」應標ㄧˊ。實際ㄧˊ，符合規則。,hard_gate,
CONF-1U-V49-YI-20,08-115國小健體1上課本-L07(115f196894),116,說一說,一,,ㄧˋ,ㄧˋ,確認正確,使用者確認「一」變調規則（2026-08-17）,A一A 依一般「一」變調規則判定；後字「說」為第1聲，故中間「一」應標ㄧˋ。實際ㄧˋ，符合規則。,hard_gate,
CONF-1U-V49-YI-21,08-115國小健體1上課本-L07(115f196894),108,說一說,一,,ㄧˋ,ㄧˋ,確認正確,使用者確認「一」變調規則（2026-08-17）,A一A 依一般「一」變調規則判定；後字「說」為第1聲，故中間「一」應標ㄧˋ。實際ㄧˋ，符合規則。,hard_gate,
CONF-1U-V49-YI-22,08-115國小健體1上課本-L07(115f196894),110,說一說,一,,ㄧˋ,ㄧˋ,確認正確,使用者確認「一」變調規則（2026-08-17）,A一A 依一般「一」變調規則判定；後字「說」為第1聲，故中間「一」應標ㄧˋ。實際ㄧˋ，符合規則。,hard_gate,
NEG-1U-V49-ZHISHI-01,02-115國小健體1上課本-L01,8,小知識,識,,ㄕˋ,ㄕˋ,確認正確,使用者原頁確認（2026-08-16）,PDF 可見課文為「小知識」；舊 RAWDICT 行序誤組成「小識知」。v4.9 以同區塊同基線幾何順序重排。,hard_gate,
NEG-1U-V49-ZHISHI-02,06-115國小健體1上課本-L05,93,小知識,識,,ㄕˋ,ㄕˋ,確認正確,使用者原頁確認（2026-08-16）,PDF 可見課文為「小知識」；舊 RAWDICT 行序誤組成「小識知」。v4.9 以同區塊同基線幾何順序重排。,hard_gate,
NEG-1U-V49-TANGBI,06-115國小健體1上課本-L05,92,螳臂當車,當,,ㄉㄤˇ,ㄉㄤˇ,確認正確,教育部《國語辭典簡編本》＋專案覆核,完整詞「螳臂當車」之「當」讀ㄉㄤˇ；舊候選 ㄉㄤ 為字典例詞分組誤報。,hard_gate,
NEG-1U-V49-YIZUO,08-115國小健體1上課本-L07,115,一左,一,,ㄧˋ,ㄧˋ,確認正確,教育部「一」字變調規則＋專案覆核,「左」為上聲，前一讀ㄧˋ。,hard_gate,
NEG-1U-V49-YIYOU,08-115國小健體1上課本-L07,115,一右,一,,ㄧˊ,ㄧˊ,確認正確,教育部「一」字變調規則＋v4.9 更正,更正先前 GPT 誤判：「右」讀去聲ㄧㄡˋ，故前一應讀ㄧˊ，課本原標正確。,hard_gate,
CONF-1U-V49-YI-23,04-115國小健體1上課本-L03(115f196890),57,想一想,一,,ㄧˋ,ㄧˋ,確認正確,使用者確認「一」變調規則（2026-08-17）,A一A 依一般「一」變調規則判定；後字「想」為第3聲，故中間「一」應標ㄧˋ。實際ㄧˋ，符合規則。,hard_gate,
NEG-1U-V49-MOUXIE,04-115國小健體1上課本-L03(115f196890),51,某些,某,,ㄇㄡˇ,ㄇㄡˇ,確認正確,專案《一字多音-字典檔》＋原 PDF exact 解碼,「某些」之「某」讀ㄇㄡˇ；原 21 筆解碼漏失之一，v4.9 exact glyph 修正後應與詞境規則一致。,hard_gate,
NEG-1U-V49-SHEQUAN,06-115國小健體1上課本-L05(115f196892),91,蛇拳,蛇,,ㄕㄜˊ,ㄕㄜˊ,確認正確,專案《一字多音-字典檔》＋原 PDF exact 解碼,「蛇拳」之「蛇」用主讀ㄕㄜˊ；異讀ㄧˊ限特定詞。原解碼漏失已由 exact glyph 證據修正。,hard_gate,
NEG-1U-V49-QIUR,08-115國小健體1上課本-L07(115f196894),114,球兒,兒,,ㄦ,ㄦ,確認正確,專案《一字多音-字典檔》兒化韻標記＋原 PDF exact 解碼,「球兒」的兒為兒化韻尾，失去本調，不讀陽平；actual/expected 皆記ㄦ。,hard_gate,
