glyph_sha256,bopomofo,source_font,source_gid,verification,notes
f422e8a7a40d33c5acafea792862fbc1885a8e3dd2d27e03cc55f8b6441008d4,ㄍㄜˋ,DFPYuanW5-ZhuIn-BFW,14764,v3.4 盲測：直接渲染 isolated raw glyf 輪廓，人工辨識為 ㄍ+ㄜ+四聲；未查看中文字/句境作為判定依據,字形接觸表 A；runtime 只以 SHA-256 exact match 使用
bc47e0f2b3cf0f98495c7a1a88e41359537cc4de93d804d36da0f920f1bc6cf9,ㄔㄠˊ,DFPYuanW5-ZhuIn-BFW,15171,v3.4 盲測：直接渲染 isolated raw glyf 輪廓，人工辨識為 ㄔ+ㄠ+二聲；未查看中文字/句境作為判定依據,字形接觸表 B；runtime 只以 SHA-256 exact match 使用
046e887099f072474d91e177f08501dd7d27d0bf971a14f31c17ef2a2f9b5e63,ㄑㄧㄢˊ,DFPYuanW5-ZhuIn-BFW,15009,v3.4 盲測：直接渲染 isolated raw glyf 輪廓，人工辨識為 ㄑ+ㄧ+ㄢ+二聲；未查看中文字/句境作為判定依據,字形接觸表 C；runtime 只以 SHA-256 exact match 使用
0991ed4f76658afe56469196e28741cd5c53a711ad10a6d54cb241f7657041cf,ㄏㄢˋ,DFPYuanW5-PoIn3-BFW,14895,v3.5 三上盲測：只檢視 isolated TrueType 注音元件字形，直接人工讀取注音與聲調；未使用中文字、詞境或字典預期音作為判定依據。,v3.5 TTF isolated-glyph contact #1; occurrences=18; runtime SHA-256 exact-only
36fe0649e4cbdf2831129243b4cfd448abf5992f5909a9f55e7bf843cd2a91d9,˙ㄗ,DFPYuanW5-PoIn1-BFW,15319,v3.5 三上盲測：只檢視 isolated TrueType 注音元件字形，直接人工讀取注音與聲調；未使用中文字、詞境或字典預期音作為判定依據。,v3.5 TTF isolated-glyph contact #2; occurrences=14; runtime SHA-256 exact-only
1543bc72ecff67a2af86ac02572756c10d11bee885ab3d2c47e4efaee69c9824,ㄧˋ,DFHeiPoIn2-Bd-BPMW-BF,14210,v3.5 三上盲測：只檢視 isolated TrueType 注音元件字形，直接人工讀取注音與聲調；未使用中文字、詞境或字典預期音作為判定依據。,v3.5 TTF isolated-glyph contact #3; occurrences=13; runtime SHA-256 exact-only
e5bee11122a9983689022106e40ce1d7729e121b8707fc58a81e52f911fa93a4,ㄇㄞˋ,DFPBiaoKai-W5-ZhuIn-BFW,14388,v3.5 三上盲測：只檢視 isolated TrueType 注音元件字形，直接人工讀取注音與聲調；未使用中文字、詞境或字典預期音作為判定依據。,v3.5 TTF isolated-glyph contact #4; occurrences=11; runtime SHA-256 exact-only
472b0c13bf9dcf54eeb133cab1e78406f75413a07afe781c124bfc8835acc5c0,ㄧˊ,DFHeiPoIn1-Bd-BPMW-BF,14209,v3.5 三上盲測：只檢視 isolated TrueType 注音元件字形，直接人工讀取注音與聲調；未使用中文字、詞境或字典預期音作為判定依據。,v3.5 TTF isolated-glyph contact #5; occurrences=8; runtime SHA-256 exact-only
7be0274ce2bd03c77211700a1235711c18127c390830cd91e429067da3b4e9bf,ㄇㄞˋ,DFPYuanW5-ZhuIn-BFW,14389,v3.5 三上盲測：只檢視 isolated TrueType 注音元件字形，直接人工讀取注音與聲調；未使用中文字、詞境或字典預期音作為判定依據。,v3.5 TTF isolated-glyph contact #6; occurrences=8; runtime SHA-256 exact-only
91112fcdead3a717189a95e836c7d8e49a698e639b2ee080f5a71823d2c7998c,ㄍㄨㄥˋ,DFPYuanW5-ZhuIn-BFW,14817,v3.5 三上盲測：只檢視 isolated TrueType 注音元件字形，直接人工讀取注音與聲調；未使用中文字、詞境或字典預期音作為判定依據。,v3.5 TTF isolated-glyph contact #7; occurrences=7; runtime SHA-256 exact-only
4cd138fc217dc9a2260c985517045ef2e0b3697ca8c0468364e5ce29c83196a2,ㄘㄞ,DFPBiaoKai-W5-ZhuIn-BFW,15377,v3.5 三上盲測：只檢視 isolated TrueType 注音元件字形，直接人工讀取注音與聲調；未使用中文字、詞境或字典預期音作為判定依據。,v3.5 TTF isolated-glyph contact #8; occurrences=6; runtime SHA-256 exact-only
c69a8bb5745a310de5a7746a6a6c73d2f1d936dc278b9e11d8e7c6e54b7d387c,ㄘㄨㄣˊ,DFPBiaoKai-W5-ZhuIn-BFW,15413,v3.5 三上盲測：只檢視 isolated TrueType 注音元件字形，直接人工讀取注音與聲調；未使用中文字、詞境或字典預期音作為判定依據。,v3.5 TTF isolated-glyph contact #9; occurrences=6; runtime SHA-256 exact-only
2f462193bf4d7a0d131c46d91879077a452ba1d19ff749894ea1346a278e2808,ㄌㄢˊ,DFPYuanW5-ZhuIn-BFW,14693,v3.5 三上盲測：只檢視 isolated TrueType 注音元件字形，直接人工讀取注音與聲調；未使用中文字、詞境或字典預期音作為判定依據。,v3.5 TTF isolated-glyph contact #10; occurrences=6; runtime SHA-256 exact-only
1f48c2a8c38a2aa86e99f73b39ac0909f0345114a0a5764c6b3b0303674dff59,ㄏㄢˋ,DFHeiPoIn1-Bd-BPMW-BF,14937,v3.5 三上盲測：只檢視 isolated TrueType 注音元件字形，直接人工讀取注音與聲調；未使用中文字、詞境或字典預期音作為判定依據。,v3.5 TTF isolated-glyph contact #11; occurrences=5; runtime SHA-256 exact-only
5a0eda9e4cbf5d5034d95cc6d3d3a9cafcb9d7d9a9903dc61bc6c1ccf6098a32,ㄧㄝˋ,DFHeiPoIn1-Bd-BPMW-BF,14219,v3.5 三上盲測：只檢視 isolated TrueType 注音元件字形，直接人工讀取注音與聲調；未使用中文字、詞境或字典預期音作為判定依據。,v3.5 TTF isolated-glyph contact #12; occurrences=5; runtime SHA-256 exact-only
94ff74144534a05212f3cf10e3953ea171f028e84c2201df2051c5b252bfc071,ㄡˇ,DFPYuanW5-ZhuIn-BFW,14149,v3.5 三上盲測：只檢視 isolated TrueType 注音元件字形，直接人工讀取注音與聲調；未使用中文字、詞境或字典預期音作為判定依據。,v3.5 TTF isolated-glyph contact #13; occurrences=5; runtime SHA-256 exact-only
45ee3ae8da1fa4e0b028b3f0b7988bea0eb7e9840c51291ec677a13d933c34d5,ㄊㄨˋ,DFPYuanW5-PoIn1-BFW,14584,v3.5 三上盲測：只檢視 isolated TrueType 注音元件字形，直接人工讀取注音與聲調；未使用中文字、詞境或字典預期音作為判定依據。,v3.5 TTF isolated-glyph contact #14; occurrences=5; runtime SHA-256 exact-only
dd574a0dea8f01d4dc978bd615401457b4b2095d17c660c21e38efe468c5fb76,ㄔㄠ,DFPYuanW5-ZhuIn-BFW,15170,v3.5 三上盲測：只檢視 isolated TrueType 注音元件字形，直接人工讀取注音與聲調；未使用中文字、詞境或字典預期音作為判定依據。,v3.5 TTF isolated-glyph contact #15; occurrences=5; runtime SHA-256 exact-only
551e0921087e47db2f6bded09c93156d71fd0e5ba4a8dc347a2977948f1f56b0,ㄍㄥˋ,DFPYuanW5-PoIn1-BFW,14788,v3.5 三上盲測：只檢視 isolated TrueType 注音元件字形，直接人工讀取注音與聲調；未使用中文字、詞境或字典預期音作為判定依據。,v3.5 TTF isolated-glyph contact #16; occurrences=5; runtime SHA-256 exact-only
7a1482210f216133ebd308753461861b403aa5a6b2cd36798c69cf9b4eea8d75,ㄆㄠˋ,DFPBiaoKai-W5-ZhuIn-BFW,14329,v3.5 三上盲測：只檢視 isolated TrueType 注音元件字形，直接人工讀取注音與聲調；未使用中文字、詞境或字典預期音作為判定依據。,v3.5 TTF isolated-glyph contact #17; occurrences=5; runtime SHA-256 exact-only
b9bcc6fe55e5d5d4bc976aef70043b9d3750156f29ea0afae3ba507f1a809b2a,ㄅㄨˋ,DFHeiPoIn1-Bd-BPMW-BF,14353,v3.5 三上盲測：只檢視 isolated TrueType 注音元件字形，直接人工讀取注音與聲調；未使用中文字、詞境或字典預期音作為判定依據。,v3.5 TTF isolated-glyph contact #18; occurrences=4; runtime SHA-256 exact-only
d7bded4d9bb80d8e97f72e0ffb5babcaf605cb84455ce634d8405891e5e30cc8,ㄈㄣˋ,DFPYuanW5-PoIn1-BFW,14458,v3.5 三上盲測：只檢視 isolated TrueType 注音元件字形，直接人工讀取注音與聲調；未使用中文字、詞境或字典預期音作為判定依據。,v3.5 TTF isolated-glyph contact #19; occurrences=4; runtime SHA-256 exact-only
88798da1cb38ffc52e9ab77556a903044c1de5a2b6614bc036caf31122753c52,ㄕㄢˋ,DFPYuanW5-ZhuIn-BFW,15249,v3.5 三上盲測：只檢視 isolated TrueType 注音元件字形，直接人工讀取注音與聲調；未使用中文字、詞境或字典預期音作為判定依據。,v3.5 TTF isolated-glyph contact #20; occurrences=4; runtime SHA-256 exact-only
9d266aec6f70bc4e73e64381c48194539e3527d05a01a86e5ff698efe17a135e,ㄑㄧㄢˋ,DFPBiaoKai-W5-ZhuIn-BFW,15009,v3.5 三上盲測：只檢視 isolated TrueType 注音元件字形，直接人工讀取注音與聲調；未使用中文字、詞境或字典預期音作為判定依據。,v3.5 TTF isolated-glyph contact #21; occurrences=4; runtime SHA-256 exact-only
a332cbf94313dc4f7be3ba42a0d72716b99092d23fac1ae391d606081dfaf44e,ㄌㄧㄤˋ,DFHeiPoIn1-Bd-BPMW-BF,14768,v3.5 三上盲測：只檢視 isolated TrueType 注音元件字形，直接人工讀取注音與聲調；未使用中文字、詞境或字典預期音作為判定依據。,v3.5 TTF isolated-glyph contact #22; occurrences=4; runtime SHA-256 exact-only
5aa284a5f3ce28e9f6042aa37521fb6623fca46d87f5e94d84e32efa558c73ef,ㄇㄧㄠˇ,DFPBiaoKai-W5-ZhuIn-BFW,14423,v3.5 三上盲測：只檢視 isolated TrueType 注音元件字形，直接人工讀取注音與聲調；未使用中文字、詞境或字典預期音作為判定依據。,v3.5 TTF isolated-glyph contact #23; occurrences=4; runtime SHA-256 exact-only
6254a67be37e9404fed877e59234c1c47638c4b5fd77431a8e1e0779ffc7c887,˙ㄉㄜ,DFHeiPoIn1-Bd-BPMW-BF,14522,v3.5 三上盲測：只檢視 isolated TrueType 注音元件字形，直接人工讀取注音與聲調；未使用中文字、詞境或字典預期音作為判定依據。,v3.5 TTF isolated-glyph contact #24; occurrences=4; runtime SHA-256 exact-only
2b3af4d3bb67dd1c5af2e5ed85b3b38cfc6d2f0c4574718079e0a6ea53018233,ㄔㄨㄥˊ,DFPYuanW5-PoIn1-BFW,15220,v3.5 三上盲測：只檢視 isolated TrueType 注音元件字形，直接人工讀取注音與聲調；未使用中文字、詞境或字典預期音作為判定依據。,v3.5 TTF isolated-glyph contact #25; occurrences=4; runtime SHA-256 exact-only
3c02c4a82660ad187d959c897cc75a9cc25b47e8a15ee5497122db05c41dfb5e,ㄌㄢˊ,DFPBiaoKai-W5-ZhuIn-BFW,14692,v3.5 三上盲測：只檢視 isolated TrueType 注音元件字形，直接人工讀取注音與聲調；未使用中文字、詞境或字典預期音作為判定依據。,v3.5 TTF isolated-glyph contact #26; occurrences=4; runtime SHA-256 exact-only
aa78af28aec7ad628ad9d1c5c8f88e079e03ecf87f158e5d5bedae0fdcc84287,ㄋㄧㄣˊ,DFPBiaoKai-W5-ZhuIn-BFW,14651,v4.2 fingerprint-source conflict cleanup: v3.8 isolated glyph + exact symbol recombination re-verification confirms ㄋㄧㄣˊ; stale v3.5 ㄋㄧㄢˊ label retired.,source DFPBiaoKai-W5-ZhuIn-BFW#14651; char 您; mapping correction v38; exact raw-glyf SHA gate; no Han/context expected-reading backfill.
8b647ec4b01e282d2da67083328898ec44d235c99f723a84f8bf3ead308bb993,ㄧ,DFPYuanW5-PoIn2-BFW,14166,v3.5 三上盲測：只檢視 isolated TrueType 注音元件字形，直接人工讀取注音與聲調；未使用中文字、詞境或字典預期音作為判定依據。,v3.5 TTF isolated-glyph contact #28; occurrences=3; runtime SHA-256 exact-only
5a76e2da971994556e7644d923eb8fa2e38a4d7eae8c43341ced85f8e2f51e0d,ㄍㄨㄞˋ,DFPBiaoKai-W5-ZhuIn-BFW,14802,v3.5 三上盲測：只檢視 isolated TrueType 注音元件字形，直接人工讀取注音與聲調；未使用中文字、詞境或字典預期音作為判定依據。,v3.5 TTF isolated-glyph contact #29; occurrences=3; runtime SHA-256 exact-only
0ed197f1d1463f132183e93aa540eb74e6646dc2732da72093ad8f94c7d9424d,ㄈㄣˋ,DFPBiaoKai-W5-PoIn1-BFW,14457,v3.5 三上盲測：只檢視 isolated TrueType 注音元件字形，直接人工讀取注音與聲調；未使用中文字、詞境或字典預期音作為判定依據。,v3.5 TTF isolated-glyph contact #30; occurrences=3; runtime SHA-256 exact-only
2e1a3d1d7777597bcd895854ea66e54546ba4af7bf6ea199898919b77aa78444,ㄏㄚ,DFPBiaoKai-W5-ZhuIn-BFW,14872,v3.5 三上盲測：只檢視 isolated TrueType 注音元件字形，直接人工讀取注音與聲調；未使用中文字、詞境或字典預期音作為判定依據。,v3.5 TTF isolated-glyph contact #31; occurrences=3; runtime SHA-256 exact-only
ee34ecb0d6f1151ac044beb070b2eaad9f96bb2a74f519cb18c98d85fb7ef1d9,ㄕㄠˋ,DFPBiaoKai-W5-ZhuIn-BFW,15241,v3.5 三上盲測：只檢視 isolated TrueType 注音元件字形，直接人工讀取注音與聲調；未使用中文字、詞境或字典預期音作為判定依據。,v3.5 TTF isolated-glyph contact #32; occurrences=3; runtime SHA-256 exact-only
ee9aec2050e6d4a53f14763b9306a9bb5ccfd4904d512a98f558a8447be04ce0,ㄋㄨㄛˋ,DFPYuanW5-ZhuIn-BFW,14663,v3.5 三上盲測：只檢視 isolated TrueType 注音元件字形，直接人工讀取注音與聲調；未使用中文字、詞境或字典預期音作為判定依據。,v3.5 TTF isolated-glyph contact #33; occurrences=3; runtime SHA-256 exact-only
bcbf3ba535f13853bd53adeed333d8cdf5789fbe7f9f85b3ad4d73cc95cf8f19,ㄔㄨˇ,DFPYuanW5-PoIn1-BFW,15197,v3.5 三上盲測：只檢視 isolated TrueType 注音元件字形，直接人工讀取注音與聲調；未使用中文字、詞境或字典預期音作為判定依據。,v3.5 TTF isolated-glyph contact #34; occurrences=3; runtime SHA-256 exact-only
c05e3742a81ea893f883b477b646b2554266b7e4e0789d8ba10ccbe5649b1e92,ㄓㄨㄢˋ,DFPYuanW5-PoIn1-BFW,15145,v3.5 三上盲測：只檢視 isolated TrueType 注音元件字形，直接人工讀取注音與聲調；未使用中文字、詞境或字典預期音作為判定依據。,v3.5 TTF isolated-glyph contact #35; occurrences=3; runtime SHA-256 exact-only
59a70324e58406183a2ccbf182b77e466e80b7a30c9f90b14e73a727a05fd228,ㄊㄧㄠˇ,DFHeiPoIn1-Bd-BPMW-BF,14615,v3.5 三上盲測：只檢視 isolated TrueType 注音元件字形，直接人工讀取注音與聲調；未使用中文字、詞境或字典預期音作為判定依據。,v3.5 TTF isolated-glyph contact #36; occurrences=3; runtime SHA-256 exact-only
143aea467f0f57bbcbd13d7e4a7d1967446a0559e2541640fe432c8c4c95dfaa,ㄊㄢˊ,DFPYuanW5-PoIn1-BFW,14555,v3.5 三上盲測：只檢視 isolated TrueType 注音元件字形，直接人工讀取注音與聲調；未使用中文字、詞境或字典預期音作為判定依據。,v3.5 TTF isolated-glyph contact #37; occurrences=3; runtime SHA-256 exact-only
4254f8e825f99c736f686645dbabd511596fcf848ea2fb2a25d2cef56d29be49,ㄇㄛˋ,DFPBiaoKai-W5-ZhuIn-BFW,14384,v3.5 三上盲測：只檢視 isolated TrueType 注音元件字形，直接人工讀取注音與聲調；未使用中文字、詞境或字典預期音作為判定依據。,v3.5 TTF isolated-glyph contact #38; occurrences=3; runtime SHA-256 exact-only
a710bfc6e1fb3e677afe27b77d7cfa448d80cd5309ddca12345a03fc6c9c0ab9,ㄛ,DFHeiPoIn1-Bd-BPMW-BF,14171,v3.5 三上盲測：只檢視 isolated TrueType 注音元件字形，直接人工讀取注音與聲調；未使用中文字、詞境或字典預期音作為判定依據。,v3.5 TTF isolated-glyph contact #39; occurrences=3; runtime SHA-256 exact-only
742ffd7342fa9e300278a786bd74b235484f10abf1db901a2eddc1ec3b53d5f8,ㄍㄨㄞˇ,DFPBiaoKai-W5-ZhuIn-BFW,14803,v3.5 三上盲測：只檢視 isolated TrueType 注音元件字形，直接人工讀取注音與聲調；未使用中文字、詞境或字典預期音作為判定依據。,v3.5 TTF isolated-glyph contact #40; occurrences=3; runtime SHA-256 exact-only
a3b68c4e5cd979c6dd8782f89f914f07b636fd2ec94b31c15afbbeb4be692774,ㄐㄧˇ,DFHeiPoIn1-Bd-BPMW-BF,14987,v3.5 三上盲測：只檢視 isolated TrueType 注音元件字形，直接人工讀取注音與聲調；未使用中文字、詞境或字典預期音作為判定依據。,v3.5 TTF isolated-glyph contact #41; occurrences=2; runtime SHA-256 exact-only
e9d5992dd818172aff3117f55acdac670875899a19d9dd9561ae4aaa41e510b3,ㄙㄨㄢ,DFPBiaoKai-W5-ZhuIn-BFW,15454,v3.5 三上盲測：只檢視 isolated TrueType 注音元件字形，直接人工讀取注音與聲調；未使用中文字、詞境或字典預期音作為判定依據。,v3.5 TTF isolated-glyph contact #42; occurrences=2; runtime SHA-256 exact-only
aac0adf25f78f9c54db7ba01734ea48c4a5f2e3d945834ee2bf0a93ced03d5f8,ㄎㄨㄣˋ,DFPBiaoKai-W5-ZhuIn-BFW,14863,v3.5 三上盲測：只檢視 isolated TrueType 注音元件字形，直接人工讀取注音與聲調；未使用中文字、詞境或字典預期音作為判定依據。,v3.5 TTF isolated-glyph contact #43; occurrences=2; runtime SHA-256 exact-only
4230bfcd2361c426b7cc7518a17b048a7473288ee912350a9142dd7ff37ea183,ㄖㄠˇ,DFPBiaoKai-W5-ZhuIn-BFW,15288,v3.5 三上盲測：只檢視 isolated TrueType 注音元件字形，直接人工讀取注音與聲調；未使用中文字、詞境或字典預期音作為判定依據。,v3.5 TTF isolated-glyph contact #44; occurrences=2; runtime SHA-256 exact-only
6d8d6d3c0d40e6da88af7a64c22ac94720e993ba83e4b7daa292b187bbe957e0,˙ㄇㄜ,DFHeiPoIn1-Bd-BPMW-BF,14429,v3.5 三上盲測：只檢視 isolated TrueType 注音元件字形，直接人工讀取注音與聲調；未使用中文字、詞境或字典預期音作為判定依據。,v3.5 TTF isolated-glyph contact #45; occurrences=2; runtime SHA-256 exact-only
19efca2d018f3f0df9f1d7af800ef3d5be1d98bc28148cba373607f8b89acacb,ㄍㄨˊ,DFPBiaoKai-W5-PoIn1-BFW,14791,v3.5 三上盲測：只檢視 isolated TrueType 注音元件字形，直接人工讀取注音與聲調；未使用中文字、詞境或字典預期音作為判定依據。,v3.5 TTF isolated-glyph contact #46; occurrences=2; runtime SHA-256 exact-only
e6909bf83a55949b9167b6f8ac76144ca37936dde9313cc4b4e8024625e1e976,ㄕㄞˋ,DFPBiaoKai-W5-ZhuIn-BFW,15236,v3.5 三上盲測：只檢視 isolated TrueType 注音元件字形，直接人工讀取注音與聲調；未使用中文字、詞境或字典預期音作為判定依據。,v3.5 TTF isolated-glyph contact #47; occurrences=2; runtime SHA-256 exact-only
7213a44613281a92661eafa9aaf602e7e09599d78f8bc7d9acae360218a39aca,ㄊㄨㄛˊ,DFPBiaoKai-W5-ZhuIn-BFW,14586,v3.5 三上盲測：只檢視 isolated TrueType 注音元件字形，直接人工讀取注音與聲調；未使用中文字、詞境或字典預期音作為判定依據。,v3.5 TTF isolated-glyph contact #48; occurrences=2; runtime SHA-256 exact-only
ed3c2b6c3e69f549055868064de6084d82c713e4c4eda3618f8d92a8d042c341,ㄊㄧˋ,DFPBiaoKai-W5-ZhuIn-BFW,14564,v3.5 三上盲測：只檢視 isolated TrueType 注音元件字形，直接人工讀取注音與聲調；未使用中文字、詞境或字典預期音作為判定依據。,v3.5 TTF isolated-glyph contact #49; occurrences=2; runtime SHA-256 exact-only
042eac6d189b21494d4da747ce47ceca9d6d9d554aca629090208e7fb1aec866,ㄎㄨㄢ,DFPBiaoKai-W5-ZhuIn-BFW,14860,v3.5 三上盲測：只檢視 isolated TrueType 注音元件字形，直接人工讀取注音與聲調；未使用中文字、詞境或字典預期音作為判定依據。,v3.5 TTF isolated-glyph contact #50; occurrences=2; runtime SHA-256 exact-only
95ae74e433977d564ea9df23e3591468b61c3ff2ecb5181de6f42fa672858b19,ㄔㄨㄣˇ,DFPBiaoKai-W5-ZhuIn-BFW,15213,v3.5 三上盲測：只檢視 isolated TrueType 注音元件字形，直接人工讀取注音與聲調；未使用中文字、詞境或字典預期音作為判定依據。,v3.5 TTF isolated-glyph contact #51; occurrences=2; runtime SHA-256 exact-only
7c91e2af508dc4823f9eb58fe70bb809ea1764dcfd9e6f25f71717ec90263a82,˙ㄋㄜ,DFHeiPoIn1-Bd-BPMW-BF,15535,v3.5 三上盲測：只檢視 isolated TrueType 注音元件字形，直接人工讀取注音與聲調；未使用中文字、詞境或字典預期音作為判定依據。,v3.5 TTF isolated-glyph contact #52; occurrences=2; runtime SHA-256 exact-only
a43b3c7d8f0367b5248352147e8d9c35fa8a624c8514e9502c95872c90ce545b,ㄈㄣˋ,DFHeiPoIn1-Bd-BPMW-BF,14500,v3.5 三上盲測：只檢視 isolated TrueType 注音元件字形，直接人工讀取注音與聲調；未使用中文字、詞境或字典預期音作為判定依據。,v3.5 TTF isolated-glyph contact #53; occurrences=2; runtime SHA-256 exact-only
24e84f8f55c2bd1d17474fe9bf6c34f4dc9ca57cc5347e06b84adce13715a36e,ㄆㄧㄠˇ,DFHeiPoIn1-Bd-BPMW-BF,14402,v3.5 三上盲測：只檢視 isolated TrueType 注音元件字形，直接人工讀取注音與聲調；未使用中文字、詞境或字典預期音作為判定依據。,v3.5 TTF isolated-glyph contact #54; occurrences=2; runtime SHA-256 exact-only
086ed5641ce896ac5002eb63fd05b95d943d8219bc8ef88470fba24791f08ad3,ㄇㄧㄠˊ,DFPBiaoKai-W5-ZhuIn-BFW,14421,v3.5 三上盲測：只檢視 isolated TrueType 注音元件字形，直接人工讀取注音與聲調；未使用中文字、詞境或字典預期音作為判定依據。,v3.5 TTF isolated-glyph contact #55; occurrences=2; runtime SHA-256 exact-only
61415a680e8c8ebd726dabdd83dcf715f6066bd37d653f6878eda1d512067183,ㄔㄠ,DFPBiaoKai-W5-ZhuIn-BFW,15169,v3.5 三上盲測：只檢視 isolated TrueType 注音元件字形，直接人工讀取注音與聲調；未使用中文字、詞境或字典預期音作為判定依據。,v3.5 TTF isolated-glyph contact #56; occurrences=2; runtime SHA-256 exact-only
2b69f7f8527b8affae0f247d17a19849e0c6716dbb7b381fec6b1ae52fb21a67,ㄙㄨㄢ,DFPYuanW5-ZhuIn-BFW,15455,v3.5 三上盲測：只檢視 isolated TrueType 注音元件字形，直接人工讀取注音與聲調；未使用中文字、詞境或字典預期音作為判定依據。,v3.5 TTF isolated-glyph contact #57; occurrences=2; runtime SHA-256 exact-only
b7a8c0243b6ab1cfd18ec21b9f729ce4f03b4edd35bc46f87eb2a7972bc03392,ㄋㄨㄥˊ,DFPYuanW5-ZhuIn-BFW,14667,v3.5 三上盲測：只檢視 isolated TrueType 注音元件字形，直接人工讀取注音與聲調；未使用中文字、詞境或字典預期音作為判定依據。,v3.5 TTF isolated-glyph contact #58; occurrences=2; runtime SHA-256 exact-only
e10214576f1e94725df03fd533f078aa5ba417fa38e8517a94f898c83730b8e6,ㄧㄚˊ,DFPBiaoKai-W5-ZhuIn-BFW,14170,v3.5 三上盲測：只檢視 isolated TrueType 注音元件字形，直接人工讀取注音與聲調；未使用中文字、詞境或字典預期音作為判定依據。,v3.5 TTF isolated-glyph contact #59; occurrences=2; runtime SHA-256 exact-only
650978acd5e9ba6d329c0ed81869dd9e9b9ce9f88e3ee783ef0f7bd5522fd8f8,ㄔㄨㄥˊ,DFHeiPoIn1-Bd-BPMW-BF,15262,v3.5 三上盲測剩餘TTF：只檢視 isolated TrueType 注音元件字形，直接人工讀取注音與聲調；中文字、頁面詞境與字典僅在完成標記後作獨立驗證，不作主要判定依據。,v3.5 remaining-TTF isolated glyph #1; occurrences=2; runtime SHA-256 exact-only
1ee7c0155a7492c0acb71650c5a1a14f345ecc8850954b2bcfdc58a9b76d011e,ㄆㄥˋ,DFPBiaoKai-W5-ZhuIn-BFW,14348,v3.5 三上盲測剩餘TTF：只檢視 isolated TrueType 注音元件字形，直接人工讀取注音與聲調；中文字、頁面詞境與字典僅在完成標記後作獨立驗證，不作主要判定依據。,v3.5 remaining-TTF isolated glyph #2; occurrences=2; runtime SHA-256 exact-only
51b989717e3b45d61885a0854d828c78a2e563ee02cde7bf411c0a9b653218b5,ㄑㄧㄠˋ,DFPBiaoKai-W5-ZhuIn-BFW,15002,v3.5 三上盲測剩餘TTF：只檢視 isolated TrueType 注音元件字形，直接人工讀取注音與聲調；中文字、頁面詞境與字典僅在完成標記後作獨立驗證，不作主要判定依據。,v3.5 remaining-TTF isolated glyph #3; occurrences=2; runtime SHA-256 exact-only
dcb498c35c9ff7677d6abeefbda774cf5ae41d97046126e787ac6e5ad6ced828,ㄖㄡˊ,DFPBiaoKai-W5-ZhuIn-BFW,15289,v3.5 三上盲測剩餘TTF：只檢視 isolated TrueType 注音元件字形，直接人工讀取注音與聲調；中文字、頁面詞境與字典僅在完成標記後作獨立驗證，不作主要判定依據。,v3.5 remaining-TTF isolated glyph #4; occurrences=2; runtime SHA-256 exact-only
996039553e85dcccc1e33812ef5b28d4a4ae1e4abe5bc1f769e3e6cc28fd791a,ㄍㄨㄞˇ,DFPYuanW5-ZhuIn-BFW,14804,v3.5 三上盲測剩餘TTF：只檢視 isolated TrueType 注音元件字形，直接人工讀取注音與聲調；中文字、頁面詞境與字典僅在完成標記後作獨立驗證，不作主要判定依據。,v3.5 remaining-TTF isolated glyph #5; occurrences=2; runtime SHA-256 exact-only
9e31f2434f0cdc442a79b4220e070b179218ebfcf1aed6a84156787eb92c2d3d,ㄨㄟˊ,DFHeiPoIn1-Bd-BPMW-BF,14261,v3.5 三上盲測剩餘TTF：只檢視 isolated TrueType 注音元件字形，直接人工讀取注音與聲調；中文字、頁面詞境與字典僅在完成標記後作獨立驗證，不作主要判定依據。,v3.5 remaining-TTF isolated glyph #6; occurrences=1; runtime SHA-256 exact-only
06958c3ff2e578d0c041436f33fbfe4e99e03427455bca997edaeccd82349b3f,ㄉㄠˋ,DFHeiPoIn1-Bd-BPMW-BF,14529,v3.5 三上盲測剩餘TTF：只檢視 isolated TrueType 注音元件字形，直接人工讀取注音與聲調；中文字、頁面詞境與字典僅在完成標記後作獨立驗證，不作主要判定依據。,v3.5 remaining-TTF isolated glyph #7; occurrences=1; runtime SHA-256 exact-only
8a44fa67bc6a3d22bc48e70542d09a10e4dc735bc5a3b7f9c6ac2412033b4dd0,ㄉㄤˋ,DFHeiPoIn1-Bd-BPMW-BF,14538,v3.5 三上盲測剩餘TTF：只檢視 isolated TrueType 注音元件字形，直接人工讀取注音與聲調；中文字、頁面詞境與字典僅在完成標記後作獨立驗證，不作主要判定依據。,v3.5 remaining-TTF isolated glyph #8; occurrences=1; runtime SHA-256 exact-only
e1e1e8eeaa18437c93447093287544bc8ed0437b345289148bd46fff4e4d8a9b,ㄍㄜˋ,DFHeiPoIn1-Bd-BPMW-BF,14806,v3.5 三上盲測剩餘TTF：只檢視 isolated TrueType 注音元件字形，直接人工讀取注音與聲調；中文字、頁面詞境與字典僅在完成標記後作獨立驗證，不作主要判定依據。,v3.5 remaining-TTF isolated glyph #9; occurrences=1; runtime SHA-256 exact-only
14e9e64a5585526424fdb6fd79f36e1b153f9d404feb5b39da0f62982e69b58e,ㄏㄠˋ,DFHeiPoIn1-Bd-BPMW-BF,14929,v3.5 三上盲測剩餘TTF：只檢視 isolated TrueType 注音元件字形，直接人工讀取注音與聲調；中文字、頁面詞境與字典僅在完成標記後作獨立驗證，不作主要判定依據。,v3.5 remaining-TTF isolated glyph #10; occurrences=1; runtime SHA-256 exact-only
be6c83ae5de197683e9bfc19d2dbf2be489adf8ec97c17529d88ddcbf0d8fc3a,ㄏㄨㄤˋ,DFHeiPoIn1-Bd-BPMW-BF,14978,v3.5 三上盲測剩餘TTF：只檢視 isolated TrueType 注音元件字形，直接人工讀取注音與聲調；中文字、頁面詞境與字典僅在完成標記後作獨立驗證，不作主要判定依據。,v3.5 remaining-TTF isolated glyph #11; occurrences=1; runtime SHA-256 exact-only
28c9b31f4c8020359df0d8e6ed4a1436902369989a7b38a6f4fe66789b943e82,ㄐㄧㄥˋ,DFHeiPoIn1-Bd-BPMW-BF,15013,v3.5 三上盲測剩餘TTF：只檢視 isolated TrueType 注音元件字形，直接人工讀取注音與聲調；中文字、頁面詞境與字典僅在完成標記後作獨立驗證，不作主要判定依據。,v3.5 remaining-TTF isolated glyph #12; occurrences=1; runtime SHA-256 exact-only
c4c1bf9b1584039c655eeab73098e1874c8a2056c9337ae78494604be7a82b51,ㄑㄧㄢˊ,DFHeiPoIn1-Bd-BPMW-BF,15051,v3.5 三上盲測剩餘TTF：只檢視 isolated TrueType 注音元件字形，直接人工讀取注音與聲調；中文字、頁面詞境與字典僅在完成標記後作獨立驗證，不作主要判定依據。,v3.5 remaining-TTF isolated glyph #13; occurrences=1; runtime SHA-256 exact-only
66279adcb38a05cf74821de52c7ac9d3647b4e42bad7d50cb5224aabba6e0255,ㄓㄚˊ,DFHeiPoIn1-Bd-BPMW-BF,15140,v3.5 三上盲測剩餘TTF：只檢視 isolated TrueType 注音元件字形，直接人工讀取注音與聲調；中文字、頁面詞境與字典僅在完成標記後作獨立驗證，不作主要判定依據。,v3.5 remaining-TTF isolated glyph #14; occurrences=1; runtime SHA-256 exact-only
39e42b28f08ca4d75fbebc615d8246aab0b195bf94ea2a339e2c453c3536aa71,ㄓㄨㄥˋ,DFHeiPoIn1-Bd-BPMW-BF,15196,v3.5 三上盲測剩餘TTF：只檢視 isolated TrueType 注音元件字形，直接人工讀取注音與聲調；中文字、頁面詞境與字典僅在完成標記後作獨立驗證，不作主要判定依據。,v3.5 remaining-TTF isolated glyph #15; occurrences=1; runtime SHA-256 exact-only
f895c30d518bbcb32e2addb851b1bc3cf8a79624cfb93b6445cb0393d6a34492,ㄓㄨㄛˊ,DFHeiPoIn2-Bd-BPMW-BF,15179,v3.5 三上盲測剩餘TTF：只檢視 isolated TrueType 注音元件字形，直接人工讀取注音與聲調；中文字、頁面詞境與字典僅在完成標記後作獨立驗證，不作主要判定依據。,v3.5 remaining-TTF isolated glyph #16; occurrences=1; runtime SHA-256 exact-only
f834c457d6002f9bd4c868efca2412e7a6d2a39758fefaadf2e03972d2a0e940,ㄊㄨˋ,DFPBiaoKai-W5-PoIn1-BFW,14583,v3.5 三上盲測剩餘TTF：只檢視 isolated TrueType 注音元件字形，直接人工讀取注音與聲調；中文字、頁面詞境與字典僅在完成標記後作獨立驗證，不作主要判定依據。,v3.5 remaining-TTF isolated glyph #17; occurrences=1; runtime SHA-256 exact-only
afd18c62fb56a46e532204f653e0d149856e1b841b07dc982de800b551d6a3f6,˙ㄌㄚ,DFPBiaoKai-W5-PoIn1-BFW,14672,v3.5 三上盲測剩餘TTF：只檢視 isolated TrueType 注音元件字形，直接人工讀取注音與聲調；中文字、頁面詞境與字典僅在完成標記後作獨立驗證，不作主要判定依據。,v3.5 remaining-TTF isolated glyph #18; occurrences=1; runtime SHA-256 exact-only
bdc1a1c7961aa1ab8fdfbcaeb4e0c6df4c822c0d8c8081abc7025d0b82016eb7,ㄗㄞˇ,DFPBiaoKai-W5-PoIn1-BFW,15328,v3.5 三上盲測剩餘TTF：只檢視 isolated TrueType 注音元件字形，直接人工讀取注音與聲調；中文字、頁面詞境與字典僅在完成標記後作獨立驗證，不作主要判定依據。,v3.5 remaining-TTF isolated glyph #19; occurrences=1; runtime SHA-256 exact-only
a25e1c0905c407b83f9a7781841cacbacdb1c2543ec6eeebb4efd9792d295944,˙ㄋㄚ,DFPBiaoKai-W5-PoIn2-BFW,14606,v3.5 三上盲測剩餘TTF：只檢視 isolated TrueType 注音元件字形，直接人工讀取注音與聲調；中文字、頁面詞境與字典僅在完成標記後作獨立驗證，不作主要判定依據。,v3.5 remaining-TTF isolated glyph #20; occurrences=1; runtime SHA-256 exact-only
76d8741cc9543a233e718d497d1032267b700ab16e765ad73055429ee4d2633c,ㄡˇ,DFPBiaoKai-W5-ZhuIn-BFW,14148,v3.5 三上盲測剩餘TTF：只檢視 isolated TrueType 注音元件字形，直接人工讀取注音與聲調；中文字、頁面詞境與字典僅在完成標記後作獨立驗證，不作主要判定依據。,v3.5 remaining-TTF isolated glyph #21; occurrences=1; runtime SHA-256 exact-only
0d7631bb3b00694bb707391afde5b2e6e9d2ed4ee41ef580f760eba0aa49447f,ㄣ,DFPBiaoKai-W5-ZhuIn-BFW,14153,v3.5 三上盲測剩餘TTF：只檢視 isolated TrueType 注音元件字形，直接人工讀取注音與聲調；中文字、頁面詞境與字典僅在完成標記後作獨立驗證，不作主要判定依據。,v3.5 remaining-TTF isolated glyph #22; occurrences=1; runtime SHA-256 exact-only
1587e8253b7417a82bf7d3f42b98b3abe5e892398c5c1611a8a1d2fa8ca91549,ㄦˇ,DFPBiaoKai-W5-ZhuIn-BFW,14164,v3.5 三上盲測剩餘TTF：只檢視 isolated TrueType 注音元件字形，直接人工讀取注音與聲調；中文字、頁面詞境與字典僅在完成標記後作獨立驗證，不作主要判定依據。,v3.5 remaining-TTF isolated glyph #23; occurrences=1; runtime SHA-256 exact-only
745057f5bc893ca88f617a5d49f45f6f849588cf32de732d79218fce4799672c,ㄅㄧㄥˇ,DFPBiaoKai-W5-ZhuIn-BFW,14307,v3.5 三上盲測剩餘TTF：只檢視 isolated TrueType 注音元件字形，直接人工讀取注音與聲調；中文字、頁面詞境與字典僅在完成標記後作獨立驗證，不作主要判定依據。,v3.5 remaining-TTF isolated glyph #24; occurrences=1; runtime SHA-256 exact-only
8072bccb121f8fc0cb7ccf0fe25c572d196461c7159ce00579f6aeeb4a0bc293,ㄆㄞˋ,DFPBiaoKai-W5-ZhuIn-BFW,14321,v3.5 三上盲測剩餘TTF：只檢視 isolated TrueType 注音元件字形，直接人工讀取注音與聲調；中文字、頁面詞境與字典僅在完成標記後作獨立驗證，不作主要判定依據。,v3.5 remaining-TTF isolated glyph #25; occurrences=1; runtime SHA-256 exact-only
d6a2e74ad7879d77eac62884af22d293e82e54d525a2a3ea753957589a49d194,ㄆㄧ,DFPBiaoKai-W5-ZhuIn-BFW,14350,v3.5 三上盲測剩餘TTF：只檢視 isolated TrueType 注音元件字形，直接人工讀取注音與聲調；中文字、頁面詞境與字典僅在完成標記後作獨立驗證，不作主要判定依據。,v3.5 remaining-TTF isolated glyph #26; occurrences=1; runtime SHA-256 exact-only
fb83f1ffb17c421a5f4b11cf43c07d44fe651f50a6476981839be0ece9cdc04f,ㄇㄢˊ,DFPBiaoKai-W5-ZhuIn-BFW,14400,v3.5 三上盲測剩餘TTF：只檢視 isolated TrueType 注音元件字形，直接人工讀取注音與聲調；中文字、頁面詞境與字典僅在完成標記後作獨立驗證，不作主要判定依據。,v3.5 remaining-TTF isolated glyph #27; occurrences=1; runtime SHA-256 exact-only
d65d2f7a9a6bacd1a9f22ec33b1820edd40bda18b8465402c8286c807369163c,ㄇㄥˋ,DFPBiaoKai-W5-ZhuIn-BFW,14412,v3.5 三上盲測剩餘TTF：只檢視 isolated TrueType 注音元件字形，直接人工讀取注音與聲調；中文字、頁面詞境與字典僅在完成標記後作獨立驗證，不作主要判定依據。,v3.5 remaining-TTF isolated glyph #28; occurrences=1; runtime SHA-256 exact-only
c9cd5d96df2240da40c778cdeeba76a042cb63cf0407cb995b32527cbc437f53,ㄋㄧㄥˊ,DFPBiaoKai-W5-ZhuIn-BFW,14655,v3.5 三上盲測剩餘TTF：只檢視 isolated TrueType 注音元件字形，直接人工讀取注音與聲調；中文字、頁面詞境與字典僅在完成標記後作獨立驗證，不作主要判定依據。,v3.5 remaining-TTF isolated glyph #29; occurrences=1; runtime SHA-256 exact-only
0bdecdf84ebc4c4114ce182625ed21b813c0f163415407f7d3a4ae21159485ed,ㄋㄨㄛˋ,DFPBiaoKai-W5-ZhuIn-BFW,14662,v3.5 三上盲測剩餘TTF：只檢視 isolated TrueType 注音元件字形，直接人工讀取注音與聲調；中文字、頁面詞境與字典僅在完成標記後作獨立驗證，不作主要判定依據。,v3.5 remaining-TTF isolated glyph #30; occurrences=1; runtime SHA-256 exact-only
13341de6c3d2a90f068229a6af4ac6570749585a0307fe7a7c70526ac9127afd,ㄌㄤˋ,DFPBiaoKai-W5-ZhuIn-BFW,14697,v3.5 三上盲測剩餘TTF：只檢視 isolated TrueType 注音元件字形，直接人工讀取注音與聲調；中文字、頁面詞境與字典僅在完成標記後作獨立驗證，不作主要判定依據。,v3.5 remaining-TTF isolated glyph #31; occurrences=1; runtime SHA-256 exact-only
ec7a1e8a04995935e352176ac341bcbf3d838902b0e01b2735b7e8df2be34f7c,ㄍㄨㄚˇ,DFPBiaoKai-W5-ZhuIn-BFW,14796,v3.5 三上盲測剩餘TTF：只檢視 isolated TrueType 注音元件字形，直接人工讀取注音與聲調；中文字、頁面詞境與字典僅在完成標記後作獨立驗證，不作主要判定依據。,v3.5 remaining-TTF isolated glyph #32; occurrences=1; runtime SHA-256 exact-only
5e46c2b0b48f24651369d52b389d7332d97c8ce87ef7c89679595fa8fcddf292,ㄎㄤˋ,DFPBiaoKai-W5-ZhuIn-BFW,14841,v3.5 三上盲測剩餘TTF：只檢視 isolated TrueType 注音元件字形，直接人工讀取注音與聲調；中文字、頁面詞境與字典僅在完成標記後作獨立驗證，不作主要判定依據。,v3.5 remaining-TTF isolated glyph #33; occurrences=1; runtime SHA-256 exact-only
18d98bda0b16801cafe64a6fdf637e8680be9cefc39b4574bd3ab154546a3a5a,ㄎㄨㄣ,DFPBiaoKai-W5-ZhuIn-BFW,14862,v3.5 三上盲測剩餘TTF：只檢視 isolated TrueType 注音元件字形，直接人工讀取注音與聲調；中文字、頁面詞境與字典僅在完成標記後作獨立驗證，不作主要判定依據。,v3.5 remaining-TTF isolated glyph #34; occurrences=1; runtime SHA-256 exact-only
21ccdcc029b8a2a91ef5fbf23285ba5f648eeebf6fa588a613d94f4090942274,ㄏㄠˊ,DFPBiaoKai-W5-ZhuIn-BFW,14885,v3.5 三上盲測剩餘TTF：只檢視 isolated TrueType 注音元件字形，直接人工讀取注音與聲調；中文字、頁面詞境與字典僅在完成標記後作獨立驗證，不作主要判定依據。,v3.5 remaining-TTF isolated glyph #35; occurrences=1; runtime SHA-256 exact-only
23e048123f60202da88913c409ff37bac3da21c12b94b61b7639444655f90cc6,ㄓㄨㄢ,DFPBiaoKai-W5-ZhuIn-BFW,15143,v3.5 三上盲測剩餘TTF：只檢視 isolated TrueType 注音元件字形，直接人工讀取注音與聲調；中文字、頁面詞境與字典僅在完成標記後作獨立驗證，不作主要判定依據。,v3.5 remaining-TTF isolated glyph #36; occurrences=1; runtime SHA-256 exact-only
3ebff712d24c2940ead42a04d6b5b770bd4987b7c789d45c4c4ed0ff242ef917,ㄔㄞ,DFPBiaoKai-W5-ZhuIn-BFW,15166,v3.5 三上盲測剩餘TTF：只檢視 isolated TrueType 注音元件字形，直接人工讀取注音與聲調；中文字、頁面詞境與字典僅在完成標記後作獨立驗證，不作主要判定依據。,v3.5 remaining-TTF isolated glyph #37; occurrences=1; runtime SHA-256 exact-only
b2fd192ad3b7e5b7289be204871779b097076721e2effe232f4c55133b077e91,ㄔㄡ,DFPBiaoKai-W5-ZhuIn-BFW,15173,v3.5 三上盲測剩餘TTF：只檢視 isolated TrueType 注音元件字形，直接人工讀取注音與聲調；中文字、頁面詞境與字典僅在完成標記後作獨立驗證，不作主要判定依據。,v3.5 remaining-TTF isolated glyph #38; occurrences=1; runtime SHA-256 exact-only
0195e79dbfd9358e8bd23309d4929ba09e370b618ba000aa1553cc74d4d2c237,ㄔㄨㄢˋ,DFPBiaoKai-W5-ZhuIn-BFW,15209,v3.5 三上盲測剩餘TTF：只檢視 isolated TrueType 注音元件字形，直接人工讀取注音與聲調；中文字、頁面詞境與字典僅在完成標記後作獨立驗證，不作主要判定依據。,v3.5 remaining-TTF isolated glyph #39; occurrences=1; runtime SHA-256 exact-only
9e239d4aa0ec31313f55bb212e13117020f0824cf60ce372d384a81b1d28accc,ㄔㄨㄣ,DFPBiaoKai-W5-ZhuIn-BFW,15211,v3.5 三上盲測剩餘TTF：只檢視 isolated TrueType 注音元件字形，直接人工讀取注音與聲調；中文字、頁面詞境與字典僅在完成標記後作獨立驗證，不作主要判定依據。,v3.5 remaining-TTF isolated glyph #40; occurrences=1; runtime SHA-256 exact-only
021bd501bdf7843df44801ac9cab3e62142dc0121882d5ba9531d043c9f740e3,ㄕㄠ,DFPBiaoKai-W5-ZhuIn-BFW,15239,v3.5 三上盲測剩餘TTF：只檢視 isolated TrueType 注音元件字形，直接人工讀取注音與聲調；中文字、頁面詞境與字典僅在完成標記後作獨立驗證，不作主要判定依據。,v3.5 remaining-TTF isolated glyph #41; occurrences=1; runtime SHA-256 exact-only
379d0fbd8e15e895bf3a1b04ff5725b7c928eae9ba8c1365e8274ad6007f5c3a,ㄕㄢ,DFPBiaoKai-W5-ZhuIn-BFW,15247,v3.5 三上盲測剩餘TTF：只檢視 isolated TrueType 注音元件字形，直接人工讀取注音與聲調；中文字、頁面詞境與字典僅在完成標記後作獨立驗證，不作主要判定依據。,v3.5 remaining-TTF isolated glyph #42; occurrences=1; runtime SHA-256 exact-only
e51db4b900344965a75993ae3db72a776516038d5144f6d73b5c816ce91f6f3c,ㄕㄨㄞˋ,DFPBiaoKai-W5-ZhuIn-BFW,15271,v3.5 三上盲測剩餘TTF：只檢視 isolated TrueType 注音元件字形，直接人工讀取注音與聲調；中文字、頁面詞境與字典僅在完成標記後作獨立驗證，不作主要判定依據。,v3.5 remaining-TTF isolated glyph #43; occurrences=1; runtime SHA-256 exact-only
f8eb95d5d10d75671d3b34f4e36338fd5e8a84f52ef3ec61a5abfbb7649b65a8,ㄘˇ,DFPBiaoKai-W5-ZhuIn-BFW,15372,v3.5 三上盲測剩餘TTF：只檢視 isolated TrueType 注音元件字形，直接人工讀取注音與聲調；中文字、頁面詞境與字典僅在完成標記後作獨立驗證，不作主要判定依據。,v3.5 remaining-TTF isolated glyph #44; occurrences=1; runtime SHA-256 exact-only
396ce843df773e80662477a7eeaa505338fd0e5ae09e31f3304909fcf58409b9,ㄘㄨㄣ,DFPBiaoKai-W5-ZhuIn-BFW,15412,v3.5 三上盲測剩餘TTF：只檢視 isolated TrueType 注音元件字形，直接人工讀取注音與聲調；中文字、頁面詞境與字典僅在完成標記後作獨立驗證，不作主要判定依據。,v3.5 remaining-TTF isolated glyph #45; occurrences=1; runtime SHA-256 exact-only
550db6ca0546f43d007b7a5db29984122575e8402e4975494fdf5b78fa102ea7,˙ㄧㄚ,DFPBiaoKai-W5-ZhuIn-BFW,15464,v3.5 三上盲測剩餘TTF：只檢視 isolated TrueType 注音元件字形，直接人工讀取注音與聲調；中文字、頁面詞境與字典僅在完成標記後作獨立驗證，不作主要判定依據。,v3.5 remaining-TTF isolated glyph #46; occurrences=1; runtime SHA-256 exact-only
f34171d9cf08eea2351966fa69e711c3398c370062ab85af6b3c9970a835fe8a,ㄆㄠˋ,DFPWaWa-W5-ZhuIn-BFW,14329,v3.5 三上盲測剩餘TTF：只檢視 isolated TrueType 注音元件字形，直接人工讀取注音與聲調；中文字、頁面詞境與字典僅在完成標記後作獨立驗證，不作主要判定依據。,v3.5 remaining-TTF isolated glyph #47; occurrences=1; runtime SHA-256 exact-only
a1640019c8caa3269821e288302a4e60358f0fc0210940d259745d248893ff18,ㄍㄨ,DFPWaWa-W5-ZhuIn-BFW,14790,v3.5 三上盲測剩餘TTF：只檢視 isolated TrueType 注音元件字形，直接人工讀取注音與聲調；中文字、頁面詞境與字典僅在完成標記後作獨立驗證，不作主要判定依據。,v3.5 remaining-TTF isolated glyph #48; occurrences=1; runtime SHA-256 exact-only
16ee71838e7a96ba0e7f10889e69913bb8751a50336785b8ab721cc67ad95332,ㄆㄧㄢˊ,DFPYuanW5-PoIn1-BFW,14362,v3.5 三上盲測剩餘TTF：只檢視 isolated TrueType 注音元件字形，直接人工讀取注音與聲調；中文字、頁面詞境與字典僅在完成標記後作獨立驗證，不作主要判定依據。,v3.5 remaining-TTF isolated glyph #49; occurrences=1; runtime SHA-256 exact-only
49debcab5f15cb5f619fa4fd08d1844d39174a51565f51dbddc3ce59c0f68a6a,˙ㄇㄣ,DFPYuanW5-PoIn1-BFW,14405,v3.5 三上盲測剩餘TTF：只檢視 isolated TrueType 注音元件字形，直接人工讀取注音與聲調；中文字、頁面詞境與字典僅在完成標記後作獨立驗證，不作主要判定依據。,v3.5 remaining-TTF isolated glyph #50; occurrences=1; runtime SHA-256 exact-only
cbc9a4c90d78bf942f4add680e1a7c1a8f52d96c829bc14eff21a88123d7ae34,ㄌㄩˋ,DFPYuanW5-PoIn1-BFW,14751,v3.5 三上盲測剩餘TTF：只檢視 isolated TrueType 注音元件字形，直接人工讀取注音與聲調；中文字、頁面詞境與字典僅在完成標記後作獨立驗證，不作主要判定依據。,v3.5 remaining-TTF isolated glyph #51; occurrences=1; runtime SHA-256 exact-only
70b4eed12ad8a0df2f0640e350b3787b7d64aee9dba8016910e013678ba9f2c4,ㄑㄧㄠˋ,DFPYuanW5-PoIn1-BFW,15003,v3.5 三上盲測剩餘TTF：只檢視 isolated TrueType 注音元件字形，直接人工讀取注音與聲調；中文字、頁面詞境與字典僅在完成標記後作獨立驗證，不作主要判定依據。,v3.5 remaining-TTF isolated glyph #52; occurrences=1; runtime SHA-256 exact-only
5aa458ddbf6d0ae0509f62633f571bca16d2fd3643299c1304f638bca086b863,˙ㄅㄛ,DFPYuanW5-PoIn1-BFW,15487,v3.5 三上盲測剩餘TTF：只檢視 isolated TrueType 注音元件字形，直接人工讀取注音與聲調；中文字、頁面詞境與字典僅在完成標記後作獨立驗證，不作主要判定依據。,v3.5 remaining-TTF isolated glyph #53; occurrences=1; runtime SHA-256 exact-only
97a849cb71b2841e5278ecbfa397e4aecb9da52649902816ce4f11a3e58be034,˙ㄒㄧㄥ,DFPYuanW5-PoIn1-BFW,15502,v3.5 三上盲測剩餘TTF：只檢視 isolated TrueType 注音元件字形，直接人工讀取注音與聲調；中文字、頁面詞境與字典僅在完成標記後作獨立驗證，不作主要判定依據。,v3.5 remaining-TTF isolated glyph #54; occurrences=1; runtime SHA-256 exact-only
b749df726a908cc9b3205fac80bb6ab3e0632414b63034cdbea9df715521f2b0,ㄜˇ,DFPYuanW5-ZhuIn-BFW,14135,v3.5 三上盲測剩餘TTF：只檢視 isolated TrueType 注音元件字形，直接人工讀取注音與聲調；中文字、頁面詞境與字典僅在完成標記後作獨立驗證，不作主要判定依據。,v3.5 remaining-TTF isolated glyph #55; occurrences=1; runtime SHA-256 exact-only
bd4beb3cdf4b9f4e989d554d5627c4e0d7ba310b7a0d9472da7704529e04d600,ㄆㄧㄢ,DFPYuanW5-ZhuIn-BFW,14361,v3.5 三上盲測剩餘TTF：只檢視 isolated TrueType 注音元件字形，直接人工讀取注音與聲調；中文字、頁面詞境與字典僅在完成標記後作獨立驗證，不作主要判定依據。,v3.5 remaining-TTF isolated glyph #56; occurrences=1; runtime SHA-256 exact-only
339103f8aecfbeb2fd51cfcbd1d1dfff1a3adc85e266b7921f143dda7f39ce1a,ㄌㄨㄢˋ,DFPYuanW5-ZhuIn-BFW,14741,v3.5 三上盲測剩餘TTF：只檢視 isolated TrueType 注音元件字形，直接人工讀取注音與聲調；中文字、頁面詞境與字典僅在完成標記後作獨立驗證，不作主要判定依據。,v3.5 remaining-TTF isolated glyph #57; occurrences=1; runtime SHA-256 exact-only
2941f1077c0f6517b0a64c1d3548a82f8ebebfbc7d21439993dd8f8a97e37c81,ㄍㄢˋ,DFPYuanW5-ZhuIn-BFW,14777,v3.5 三上盲測剩餘TTF：只檢視 isolated TrueType 注音元件字形，直接人工讀取注音與聲調；中文字、頁面詞境與字典僅在完成標記後作獨立驗證，不作主要判定依據。,v3.5 remaining-TTF isolated glyph #58; occurrences=1; runtime SHA-256 exact-only
a5de55b71e54c3eb7ad23ab473fa06d4f34db51db51abd433268495ca44d8f92,ㄍㄥ,DFPYuanW5-ZhuIn-BFW,14786,v3.5 三上盲測剩餘TTF：只檢視 isolated TrueType 注音元件字形，直接人工讀取注音與聲調；中文字、頁面詞境與字典僅在完成標記後作獨立驗證，不作主要判定依據。,v3.5 remaining-TTF isolated glyph #59; occurrences=1; runtime SHA-256 exact-only
98d1d13d44d59745d29f92d064a167d6558798877bc85d20acf29272e789d54d,ㄍㄨㄚ,DFPYuanW5-ZhuIn-BFW,14795,v3.5 三上盲測剩餘TTF：只檢視 isolated TrueType 注音元件字形，直接人工讀取注音與聲調；中文字、頁面詞境與字典僅在完成標記後作獨立驗證，不作主要判定依據。,v3.5 remaining-TTF isolated glyph #60; occurrences=1; runtime SHA-256 exact-only
530e94b9474ded3d60b72a632d55d0e2b5cc239166ada2011b67747a6fe59850,ㄑㄧㄢˋ,DFPYuanW5-ZhuIn-BFW,15010,v3.5 三上盲測剩餘TTF：只檢視 isolated TrueType 注音元件字形，直接人工讀取注音與聲調；中文字、頁面詞境與字典僅在完成標記後作獨立驗證，不作主要判定依據。,v3.5 remaining-TTF isolated glyph #61; occurrences=1; runtime SHA-256 exact-only
c4df9c7a20ef8efa3f74ac6e683671d47baf3d84f0c516a751a0b610752d0c6a,ㄓㄞˇ,DFPYuanW5-ZhuIn-BFW,15109,v3.5 三上盲測剩餘TTF：只檢視 isolated TrueType 注音元件字形，直接人工讀取注音與聲調；中文字、頁面詞境與字典僅在完成標記後作獨立驗證，不作主要判定依據。,v3.5 remaining-TTF isolated glyph #62; occurrences=1; runtime SHA-256 exact-only
d286d0d6afa89e2aa0728ea6c99c36c1d4668f005182d6a415161867055d4436,ㄔㄜˋ,DFPYuanW5-ZhuIn-BFW,15165,v3.5 三上盲測剩餘TTF：只檢視 isolated TrueType 注音元件字形，直接人工讀取注音與聲調；中文字、頁面詞境與字典僅在完成標記後作獨立驗證，不作主要判定依據。,v3.5 remaining-TTF isolated glyph #63; occurrences=1; runtime SHA-256 exact-only
5428db357123b909e1ecb35135655056cf27c90eb93cf763b69a43d08c250622,ㄖㄨˇ,DFPYuanW5-ZhuIn-BFW,15306,v3.5 三上盲測剩餘TTF：只檢視 isolated TrueType 注音元件字形，直接人工讀取注音與聲調；中文字、頁面詞境與字典僅在完成標記後作獨立驗證，不作主要判定依據。,v3.5 remaining-TTF isolated glyph #64; occurrences=1; runtime SHA-256 exact-only
7d08394a54c85fdf14e4f6fa1e0469e5758839c80444cc2618925ee09e17dab0,ㄘˇ,DFPYuanW5-ZhuIn-BFW,15373,v3.5 三上盲測剩餘TTF：只檢視 isolated TrueType 注音元件字形，直接人工讀取注音與聲調；中文字、頁面詞境與字典僅在完成標記後作獨立驗證，不作主要判定依據。,v3.5 remaining-TTF isolated glyph #65; occurrences=1; runtime SHA-256 exact-only
cc6c8312f8811c4c5b70a346d9e47dc31c5582d61d70b7c479bb604b6a410ff1,ㄘㄞ,DFPYuanW5-ZhuIn-BFW,15378,v3.5 三上盲測剩餘TTF：只檢視 isolated TrueType 注音元件字形，直接人工讀取注音與聲調；中文字、頁面詞境與字典僅在完成標記後作獨立驗證，不作主要判定依據。,v3.5 remaining-TTF isolated glyph #66; occurrences=1; runtime SHA-256 exact-only
21adcdd53d4d2426e21b0b7df0ff25d7dc07585898344b6ddeb18552481c31ac,ㄙ,DFPYuanW5-ZhuIn-BFW,15420,v3.5 三上盲測剩餘TTF：只檢視 isolated TrueType 注音元件字形，直接人工讀取注音與聲調；中文字、頁面詞境與字典僅在完成標記後作獨立驗證，不作主要判定依據。,v3.5 remaining-TTF isolated glyph #67; occurrences=1; runtime SHA-256 exact-only
dd6bbe64112fe47b8bc8094ac8938eba450a67f22164e8f83497c953caa92994,ㄏㄢˋ,DFYuanPoIn1-Bd-BPMW-BF,14937,v3.5 三上盲測剩餘TTF：只檢視 isolated TrueType 注音元件字形，直接人工讀取注音與聲調；中文字、頁面詞境與字典僅在完成標記後作獨立驗證，不作主要判定依據。,v3.5 remaining-TTF isolated glyph #68; occurrences=1; runtime SHA-256 exact-only
d3ffa9b8f5d05fc3818771b5d2ab63735324bfd165409b6c530d69a8362e50fb,ㄓㄤˇ,DFYuanPoIn1-Bd-BPMW-BF,15168,v3.5 三上盲測剩餘TTF：只檢視 isolated TrueType 注音元件字形，直接人工讀取注音與聲調；中文字、頁面詞境與字典僅在完成標記後作獨立驗證，不作主要判定依據。,v3.5 remaining-TTF isolated glyph #69; occurrences=1; runtime SHA-256 exact-only
86c447f33ab580220ec19fd2bd322a4e88fc44d8e5e94fcf39756bae2b130e62,˙ㄋㄜ,DFYuanPoIn1-Bd-BPMW-BF,15535,v3.5 三上盲測剩餘TTF：只檢視 isolated TrueType 注音元件字形，直接人工讀取注音與聲調；中文字、頁面詞境與字典僅在完成標記後作獨立驗證，不作主要判定依據。,v3.5 remaining-TTF isolated glyph #70; occurrences=1; runtime SHA-256 exact-only
63d8312696369038819f018328f6357764ce2a84130e2ba23183b613ea435469,ㄧˋ,DFYuanPoIn2-Bd-BPMW-BF,14210,v3.5 三上盲測剩餘TTF：只檢視 isolated TrueType 注音元件字形，直接人工讀取注音與聲調；中文字、頁面詞境與字典僅在完成標記後作獨立驗證，不作主要判定依據。,v3.5 remaining-TTF isolated glyph #71; occurrences=1; runtime SHA-256 exact-only
16020c115f5caf4f818010fbe2cda369e29540633763a7fd7c8bd6b703052b9f,ㄩㄝˋ,DFYuanChuIn-Bd-BPMW-BF,14285,v4.2 三上剩餘 whole-glyph：只檢視 isolated TrueType 注音元件輪廓直接讀取注音與聲調；中文字/頁面詞境/字典不作 primary 判定。,v4.2 remaining whole-glyph contact #1; occurrences=12; pages=58; runtime SHA-256 exact-only
c7f9559c2f46c295e5489fe6b5dc5d38a015aee64db0c778ad5f0b3b0593a4bc,ㄔㄢˇ,DFYuanChuIn-Bd-BPMW-BF,15223,v4.2 三上剩餘 whole-glyph：只檢視 isolated TrueType 注音元件輪廓直接讀取注音與聲調；中文字/頁面詞境/字典不作 primary 判定。,v4.2 remaining whole-glyph contact #2; occurrences=6; pages=58; runtime SHA-256 exact-only
8d512a765ad698aedd717b899d3fe432e017dbf7657d6ff14e7663e0667bcd2e,ㄕㄥˋ,DFYuanChuIn-Bd-BPMW-BF,15303,v4.2 三上剩餘 whole-glyph：只檢視 isolated TrueType 注音元件輪廓直接讀取注音與聲調；中文字/頁面詞境/字典不作 primary 判定。,v4.2 remaining whole-glyph contact #3; occurrences=6; pages=58; runtime SHA-256 exact-only
d0da52c1988dcd6a3465168d73a4e30d9f7719dc32eff58ff17926f4e36634e0,ㄨㄛˇ,DFYuanChuIn-Bd-BPMW-BF,14256,v4.2 三上剩餘 whole-glyph：只檢視 isolated TrueType 注音元件輪廓直接讀取注音與聲調；中文字/頁面詞境/字典不作 primary 判定。,"v4.2 remaining whole-glyph contact #4; occurrences=2; pages=17,36; runtime SHA-256 exact-only"
8e07d83952925ad4379ab114e7c5cf0eff9dc83c1ab9bfda856f8f2b6338ec6f,ㄅㄤ,DFYuanChuIn-Bd-BPMW-BF,14325,v4.2 三上剩餘 whole-glyph：只檢視 isolated TrueType 注音元件輪廓直接讀取注音與聲調；中文字/頁面詞境/字典不作 primary 判定。,v4.2 remaining whole-glyph contact #5; occurrences=2; pages=17; runtime SHA-256 exact-only
5edc1bfd8b08691fedcc63bc57965d1e44be20f90cf2d1589ffa623e7cd098c1,ㄉㄠˋ,DFYuanChuIn-Bd-BPMW-BF,14529,v4.2 三上剩餘 whole-glyph：只檢視 isolated TrueType 注音元件輪廓直接讀取注音與聲調；中文字/頁面詞境/字典不作 primary 判定。,"v4.2 remaining whole-glyph contact #6; occurrences=2; pages=17,38; runtime SHA-256 exact-only"
710ca173a8eae83a223a8b49ebd1a912897aed5b6dfaacf24b822b0db1682782,ㄊㄨㄥ,DFYuanChuIn-Bd-BPMW-BF,14644,v4.2 三上剩餘 whole-glyph：只檢視 isolated TrueType 注音元件輪廓直接讀取注音與聲調；中文字/頁面詞境/字典不作 primary 判定。,"v4.2 remaining whole-glyph contact #7; occurrences=2; pages=33,38; runtime SHA-256 exact-only"
969e5729d1800cae5bee66e9e2582439ebe73fc8bf8dc7632c663f85c95cac21,ㄋㄧˇ,DFYuanChuIn-Bd-BPMW-BF,14681,v4.2 三上剩餘 whole-glyph：只檢視 isolated TrueType 注音元件輪廓直接讀取注音與聲調；中文字/頁面詞境/字典不作 primary 判定。,"v4.2 remaining whole-glyph contact #8; occurrences=2; pages=17,36; runtime SHA-256 exact-only"
8a21935319a1661797e060f7a2d21e7b97375e12bb8e2fa5b27ef67c1d644058,ㄎㄞ,DFYuanChuIn-Bd-BPMW-BF,14868,v4.2 三上剩餘 whole-glyph：只檢視 isolated TrueType 注音元件輪廓直接讀取注音與聲調；中文字/頁面詞境/字典不作 primary 判定。,"v4.2 remaining whole-glyph contact #9; occurrences=2; pages=28,38; runtime SHA-256 exact-only"
0270cefa348f4d2f5a17baa45f1d5f7c488b5a309139d1a0cd3436956f6c336f,ㄏㄜˊ,DFYuanChuIn-Bd-BPMW-BF,14919,v4.2 三上剩餘 whole-glyph：只檢視 isolated TrueType 注音元件輪廓直接讀取注音與聲調；中文字/頁面詞境/字典不作 primary 判定。,"v4.2 remaining whole-glyph contact #10; occurrences=2; pages=38,39; runtime SHA-256 exact-only"
2bdf589d63f871f3ed1f899613021d2417448df7ef61de27917cea316e4323e0,ㄑㄧㄥˊ,DFYuanChuIn-Bd-BPMW-BF,15063,v4.2 三上剩餘 whole-glyph：只檢視 isolated TrueType 注音元件輪廓直接讀取注音與聲調；中文字/頁面詞境/字典不作 primary 判定。,v4.2 remaining whole-glyph contact #11; occurrences=2; pages=38; runtime SHA-256 exact-only
8fc4cbcab117968af312cb75b0f54f93c77b528c4e48cb7ec9c755bbca924e53,ㄑㄧㄥˇ,DFYuanChuIn-Bd-BPMW-BF,15065,v4.2 三上剩餘 whole-glyph：只檢視 isolated TrueType 注音元件輪廓直接讀取注音與聲調；中文字/頁面詞境/字典不作 primary 判定。,v4.2 remaining whole-glyph contact #12; occurrences=2; pages=17; runtime SHA-256 exact-only
69e23f1a7b9f400401a3a2b4f305fb9031d8df130d2f9bc2394c451b7e9a8aa0,ㄒㄧㄣ,DFYuanChuIn-Bd-BPMW-BF,15104,v4.2 三上剩餘 whole-glyph：只檢視 isolated TrueType 注音元件輪廓直接讀取注音與聲調；中文字/頁面詞境/字典不作 primary 判定。,v4.2 remaining whole-glyph contact #13; occurrences=2; pages=28; runtime SHA-256 exact-only
936d2d1df2dc5710d817ab01c002e2d609a2973c4bd19078b1998a7d917a47b0,ㄕㄣ,DFYuanChuIn-Bd-BPMW-BF,15293,v4.2 三上剩餘 whole-glyph：只檢視 isolated TrueType 注音元件輪廓直接讀取注音與聲調；中文字/頁面詞境/字典不作 primary 判定。,v4.2 remaining whole-glyph contact #14; occurrences=2; pages=38; runtime SHA-256 exact-only
479ee5bddb5d3d6bf21b0902adc564dc898fd17e4c5842652895bee820057003,ㄕㄥ,DFYuanChuIn-Bd-BPMW-BF,15301,v4.2 三上剩餘 whole-glyph：只檢視 isolated TrueType 注音元件輪廓直接讀取注音與聲調；中文字/頁面詞境/字典不作 primary 判定。,"v4.2 remaining whole-glyph contact #15; occurrences=2; pages=17,28; runtime SHA-256 exact-only"
1b1dc3a546b6e542915bd887b0198a7815c54cd23eb64f03a1e592c4093a4b63,ㄗㄨˊ,DFYuanChuIn-Bd-BPMW-BF,15393,v4.2 三上剩餘 whole-glyph：只檢視 isolated TrueType 注音元件輪廓直接讀取注音與聲調；中文字/頁面詞境/字典不作 primary 判定。,"v4.2 remaining whole-glyph contact #16; occurrences=2; pages=17,18; runtime SHA-256 exact-only"
5f5ab28f356bd10cab234147f5bd08c0b290859d7789ad3c0aa5eb49a640d327,ㄞˋ,DFYuanChuIn-Bd-BPMW-BF,14181,v4.2 三上剩餘 whole-glyph：只檢視 isolated TrueType 注音元件輪廓直接讀取注音與聲調；中文字/頁面詞境/字典不作 primary 判定。,v4.2 remaining whole-glyph contact #17; occurrences=1; pages=17; runtime SHA-256 exact-only
23847b789aa23bf95b25d07c713e3636bd32691478ed69634f03880416a5c993,ㄧㄚˋ,DFYuanChuIn-Bd-BPMW-BF,14214,v4.2 三上剩餘 whole-glyph：只檢視 isolated TrueType 注音元件輪廓直接讀取注音與聲調；中文字/頁面詞境/字典不作 primary 判定。,v4.2 remaining whole-glyph contact #18; occurrences=1; pages=28; runtime SHA-256 exact-only
e9f6fa9843de718ea62b66d081f143432517ce34bc5c0c7ee89e895bfc36e3f6,ㄧㄢˋ,DFYuanChuIn-Bd-BPMW-BF,14232,v4.2 三上剩餘 whole-glyph：只檢視 isolated TrueType 注音元件輪廓直接讀取注音與聲調；中文字/頁面詞境/字典不作 primary 判定。,v4.2 remaining whole-glyph contact #19; occurrences=1; pages=28; runtime SHA-256 exact-only
c8fc2cfec560795ea813d61e69496b2cadbc89cd3bfc90af8819fcc98b93507d,ㄧㄣˇ,DFYuanChuIn-Bd-BPMW-BF,14237,v4.2 三上剩餘 whole-glyph：只檢視 isolated TrueType 注音元件輪廓直接讀取注音與聲調；中文字/頁面詞境/字典不作 primary 判定。,v4.2 remaining whole-glyph contact #20; occurrences=1; pages=17; runtime SHA-256 exact-only
19ee1ee3ea441a1e77e5bd47914c5cab6fe5df1aea1ebd629703122ddb39228b,ㄧㄤˇ,DFYuanChuIn-Bd-BPMW-BF,14241,v4.2 三上剩餘 whole-glyph：只檢視 isolated TrueType 注音元件輪廓直接讀取注音與聲調；中文字/頁面詞境/字典不作 primary 判定。,v4.2 remaining whole-glyph contact #21; occurrences=1; pages=18; runtime SHA-256 exact-only
b32e0bf5bb3f5d1a4d29f9611000ca9c364174b1fb5786812f795a292f25f0f2,ㄨㄞˋ,DFYuanChuIn-Bd-BPMW-BF,14258,v4.2 三上剩餘 whole-glyph：只檢視 isolated TrueType 注音元件輪廓直接讀取注音與聲調；中文字/頁面詞境/字典不作 primary 判定。,v4.2 remaining whole-glyph contact #22; occurrences=1; pages=38; runtime SHA-256 exact-only
8227e05c7f3a798a7c74698a7e0ed5f5e205b50cf368aebc3da5c6e8ff22f7fe,ㄩㄣˋ,DFYuanChuIn-Bd-BPMW-BF,14292,v4.2 三上剩餘 whole-glyph：只檢視 isolated TrueType 注音元件輪廓直接讀取注音與聲調；中文字/頁面詞境/字典不作 primary 判定。,v4.2 remaining whole-glyph contact #23; occurrences=1; pages=17; runtime SHA-256 exact-only
624d37c1588b3adfcec7cd43515d47de28f558a8862601213c3d63a8f4b3edba,ㄅㄠ,DFYuanChuIn-Bd-BPMW-BF,14315,v4.2 三上剩餘 whole-glyph：只檢視 isolated TrueType 注音元件輪廓直接讀取注音與聲調；中文字/頁面詞境/字典不作 primary 判定。,v4.2 remaining whole-glyph contact #24; occurrences=1; pages=21; runtime SHA-256 exact-only
2b4acc2025bcf536dd5980e685a7372fe41491c974417016d17b9fedbc70942d,ㄅㄣˇ,DFYuanChuIn-Bd-BPMW-BF,14324,v4.2 三上剩餘 whole-glyph：只檢視 isolated TrueType 注音元件輪廓直接讀取注音與聲調；中文字/頁面詞境/字典不作 primary 判定。,v4.2 remaining whole-glyph contact #25; occurrences=1; pages=38; runtime SHA-256 exact-only
835aad0d857ffdfd477673e9b52ebeb44cc538f149e00fe9f3552323feb64922,ㄆㄧㄝˇ,DFYuanChuIn-Bd-BPMW-BF,14398,v4.2 三上剩餘 whole-glyph：只檢視 isolated TrueType 注音元件輪廓直接讀取注音與聲調；中文字/頁面詞境/字典不作 primary 判定。,v4.2 remaining whole-glyph contact #26; occurrences=1; pages=38; runtime SHA-256 exact-only
cfa4c7bd3a29adcf7b430cfc0f0f4d0a66bd4f037000d975393cb41f2c380cc7,ㄇㄧㄠˋ,DFYuanChuIn-Bd-BPMW-BF,14465,v4.2 三上剩餘 whole-glyph：只檢視 isolated TrueType 注音元件輪廓直接讀取注音與聲調；中文字/頁面詞境/字典不作 primary 判定。,v4.2 remaining whole-glyph contact #27; occurrences=1; pages=39; runtime SHA-256 exact-only
34f9d9c403d89ff24095f8ecb62ac9261c25698e41706dfa994d43761205f5f4,ㄇㄧㄢˊ,DFYuanChuIn-Bd-BPMW-BF,14469,v4.2 三上剩餘 whole-glyph：只檢視 isolated TrueType 注音元件輪廓直接讀取注音與聲調；中文字/頁面詞境/字典不作 primary 判定。,v4.2 remaining whole-glyph contact #28; occurrences=1; pages=17; runtime SHA-256 exact-only
413b95b2f895750f7600d464abf49e3be2f09211738cf916c311efd6e97406dd,ㄈㄚˇ,DFYuanChuIn-Bd-BPMW-BF,14483,v4.2 三上剩餘 whole-glyph：只檢視 isolated TrueType 注音元件輪廓直接讀取注音與聲調；中文字/頁面詞境/字典不作 primary 判定。,v4.2 remaining whole-glyph contact #29; occurrences=1; pages=33; runtime SHA-256 exact-only
fe6fbbe82af7cc0280a28b17d14308b9abb40e9ae703e6ff6b9a1eaa8d55fe01,ㄈㄢˇ,DFYuanChuIn-Bd-BPMW-BF,14497,v4.2 三上剩餘 whole-glyph：只檢視 isolated TrueType 注音元件輪廓直接讀取注音與聲調；中文字/頁面詞境/字典不作 primary 判定。,v4.2 remaining whole-glyph contact #30; occurrences=1; pages=31; runtime SHA-256 exact-only
0c44dc20b61bacfa0094135f5af1bd817912586c46cd638077b2386999b8837d,ㄈㄣ,DFYuanChuIn-Bd-BPMW-BF,14498,v4.2 三上剩餘 whole-glyph：只檢視 isolated TrueType 注音元件輪廓直接讀取注音與聲調；中文字/頁面詞境/字典不作 primary 判定。,v4.2 remaining whole-glyph contact #31; occurrences=1; pages=17; runtime SHA-256 exact-only
66c22cb5dc4b71f9fa1b658e386532bf6dcc2107fab1f8c7dc93df08c8d887d6,ㄈㄤ,DFYuanChuIn-Bd-BPMW-BF,14502,v4.2 三上剩餘 whole-glyph：只檢視 isolated TrueType 注音元件輪廓直接讀取注音與聲調；中文字/頁面詞境/字典不作 primary 判定。,v4.2 remaining whole-glyph contact #32; occurrences=1; pages=33; runtime SHA-256 exact-only
303883bbfb46b3f90f27ad2bddbe5c2682167024383efc4490eeed65370831bb,ㄈㄤˋ,DFYuanChuIn-Bd-BPMW-BF,14504,v4.2 三上剩餘 whole-glyph：只檢視 isolated TrueType 注音元件輪廓直接讀取注音與聲調；中文字/頁面詞境/字典不作 primary 判定。,v4.2 remaining whole-glyph contact #33; occurrences=1; pages=38; runtime SHA-256 exact-only
a62b63d1b05da13be86ba548cc02f7aa96e942276bb6339596720056f41cb92e,ㄉㄚˋ,DFYuanChuIn-Bd-BPMW-BF,14519,v4.2 三上剩餘 whole-glyph：只檢視 isolated TrueType 注音元件輪廓直接讀取注音與聲調；中文字/頁面詞境/字典不作 primary 判定。,v4.2 remaining whole-glyph contact #34; occurrences=1; pages=21; runtime SHA-256 exact-only
384b1720eee78142c381086adebe50a9e2178794ae8ae1758bd3ab8767b5f789,ㄉㄨㄟˋ,DFYuanChuIn-Bd-BPMW-BF,14569,v4.2 三上剩餘 whole-glyph：只檢視 isolated TrueType 注音元件輪廓直接讀取注音與聲調；中文字/頁面詞境/字典不作 primary 判定。,v4.2 remaining whole-glyph contact #35; occurrences=1; pages=38; runtime SHA-256 exact-only
05985c8b778ae80c28a6666f858b96aeaf9c0e203c5fcb0564e750b147df17d4,ㄉㄨㄥˋ,DFYuanChuIn-Bd-BPMW-BF,14577,v4.2 三上剩餘 whole-glyph：只檢視 isolated TrueType 注音元件輪廓直接讀取注音與聲調；中文字/頁面詞境/字典不作 primary 判定。,v4.2 remaining whole-glyph contact #36; occurrences=1; pages=17; runtime SHA-256 exact-only
7aa730d57472b831c91e067e047e739217df6f8b934a431244a7f6c59dc91252,ㄊㄠˇ,DFYuanChuIn-Bd-BPMW-BF,14590,v4.2 三上剩餘 whole-glyph：只檢視 isolated TrueType 注音元件輪廓直接讀取注音與聲調；中文字/頁面詞境/字典不作 primary 判定。,v4.2 remaining whole-glyph contact #37; occurrences=1; pages=28; runtime SHA-256 exact-only
fa00b5bb06c63ea78b8720172c10d18521a6047c54beac4df9237a2a2ebf9d3b,ㄊㄨㄥˊ,DFYuanChuIn-Bd-BPMW-BF,14645,v4.2 三上剩餘 whole-glyph：只檢視 isolated TrueType 注音元件輪廓直接讀取注音與聲調；中文字/頁面詞境/字典不作 primary 判定。,v4.2 remaining whole-glyph contact #38; occurrences=1; pages=17; runtime SHA-256 exact-only
b8e7ce64d9973fcf10a7383d5ee447ece33535f891741d4ec4bfac89eda42d92,ㄊㄨㄥˋ,DFYuanChuIn-Bd-BPMW-BF,14646,v4.2 三上剩餘 whole-glyph：只檢視 isolated TrueType 注音元件輪廓直接讀取注音與聲調；中文字/頁面詞境/字典不作 primary 判定。,v4.2 remaining whole-glyph contact #39; occurrences=1; pages=28; runtime SHA-256 exact-only
f40bb1204ba9ff4e912c772da0fbf3e54dce886844735e7f7a9019d6a7296517,ㄋㄥˊ,DFYuanChuIn-Bd-BPMW-BF,14677,v4.2 三上剩餘 whole-glyph：只檢視 isolated TrueType 注音元件輪廓直接讀取注音與聲調；中文字/頁面詞境/字典不作 primary 判定。,v4.2 remaining whole-glyph contact #40; occurrences=1; pages=17; runtime SHA-256 exact-only
772333a3b9e7df965df95190d888168aa68e8670de551ff1f00ad32c29b048b9,ㄌㄥˇ,DFYuanChuIn-Bd-BPMW-BF,14744,v4.2 三上剩餘 whole-glyph：只檢視 isolated TrueType 注音元件輪廓直接讀取注音與聲調；中文字/頁面詞境/字典不作 primary 判定。,v4.2 remaining whole-glyph contact #41; occurrences=1; pages=38; runtime SHA-256 exact-only
8e7fe39987f462906ce35ed5edbe6b70adfcce521f67da98155e85e30966c381,ㄌㄧˊ,DFYuanChuIn-Bd-BPMW-BF,14746,v4.2 三上剩餘 whole-glyph：只檢視 isolated TrueType 注音元件輪廓直接讀取注音與聲調；中文字/頁面詞境/字典不作 primary 判定。,v4.2 remaining whole-glyph contact #42; occurrences=1; pages=38; runtime SHA-256 exact-only
74724a2d0b602afa93401894c44f93639a7c94b9e52a663977bddc99c2d57f2d,ㄌㄨˋ,DFYuanChuIn-Bd-BPMW-BF,14776,v4.2 三上剩餘 whole-glyph：只檢視 isolated TrueType 注音元件輪廓直接讀取注音與聲調；中文字/頁面詞境/字典不作 primary 判定。,v4.2 remaining whole-glyph contact #43; occurrences=1; pages=17; runtime SHA-256 exact-only
0872a8f1378ea6247f84dd68eae316c4c0997d59eae62d2dbc5868c8719e06ee,ㄌㄩˋ,DFYuanChuIn-Bd-BPMW-BF,14793,v4.2 三上剩餘 whole-glyph：只檢視 isolated TrueType 注音元件輪廓直接讀取注音與聲調；中文字/頁面詞境/字典不作 primary 判定。,v4.2 remaining whole-glyph contact #44; occurrences=1; pages=17; runtime SHA-256 exact-only
3f2209d99b12b7af6c931c59acc4379bb9ca1571e5248872f070be1f91712fde,ㄍㄨㄛˇ,DFYuanChuIn-Bd-BPMW-BF,14843,v4.2 三上剩餘 whole-glyph：只檢視 isolated TrueType 注音元件輪廓直接讀取注音與聲調；中文字/頁面詞境/字典不作 primary 判定。,v4.2 remaining whole-glyph contact #45; occurrences=1; pages=36; runtime SHA-256 exact-only
587c9f3664ce62f92f1d2f4d1f037bc4db9f683bc21500af6cb2fc18de3f15d1,ㄍㄨㄟ,DFYuanChuIn-Bd-BPMW-BF,14847,v4.2 三上剩餘 whole-glyph：只檢視 isolated TrueType 注音元件輪廓直接讀取注音與聲調；中文字/頁面詞境/字典不作 primary 判定。,v4.2 remaining whole-glyph contact #46; occurrences=1; pages=17; runtime SHA-256 exact-only
55d519fdcd5a68b671985e6fd8c1aad04ebd2e91d5960695bf182f59c3a7a128,ㄏㄠˇ,DFYuanChuIn-Bd-BPMW-BF,14930,v4.2 三上剩餘 whole-glyph：只檢視 isolated TrueType 注音元件輪廓直接讀取注音與聲調；中文字/頁面詞境/字典不作 primary 判定。,v4.2 remaining whole-glyph contact #47; occurrences=1; pages=17; runtime SHA-256 exact-only
c8c62e9134ac1f482c3610f04ed02e1c78549ce1d8d672628db7e99174104a17,ㄏㄨㄛˋ,DFYuanChuIn-Bd-BPMW-BF,14960,v4.2 三上剩餘 whole-glyph：只檢視 isolated TrueType 注音元件輪廓直接讀取注音與聲調；中文字/頁面詞境/字典不作 primary 判定。,v4.2 remaining whole-glyph contact #48; occurrences=1; pages=38; runtime SHA-256 exact-only
2acce7ab2069ec4e7e05bc203c46186781cb42c714cda923b621bb8a91186216,ㄐㄧㄚ,DFYuanChuIn-Bd-BPMW-BF,14988,v4.2 三上剩餘 whole-glyph：只檢視 isolated TrueType 注音元件輪廓直接讀取注音與聲調；中文字/頁面詞境/字典不作 primary 判定。,v4.2 remaining whole-glyph contact #49; occurrences=1; pages=38; runtime SHA-256 exact-only
75a0e6663da79589ce8fa69ec7417c6da576ec43226015a3d9e90daf64eaca10,ㄐㄧㄝˇ,DFYuanChuIn-Bd-BPMW-BF,14995,v4.2 三上剩餘 whole-glyph：只檢視 isolated TrueType 注音元件輪廓直接讀取注音與聲調；中文字/頁面詞境/字典不作 primary 判定。,v4.2 remaining whole-glyph contact #50; occurrences=1; pages=39; runtime SHA-256 exact-only
40aae246290c4c47214bb3a20a1938a85e12b3004194ca1a525cd29395f609bc,ㄐㄧㄣˇ,DFYuanChuIn-Bd-BPMW-BF,15008,v4.2 三上剩餘 whole-glyph：只檢視 isolated TrueType 注音元件輪廓直接讀取注音與聲調；中文字/頁面詞境/字典不作 primary 判定。,v4.2 remaining whole-glyph contact #51; occurrences=1; pages=28; runtime SHA-256 exact-only
f7d0bbf67e48a8caf32758f584c74facebffb5cc539313263af57784827b7d80,ㄐㄧㄥ,DFYuanChuIn-Bd-BPMW-BF,15012,v4.2 三上剩餘 whole-glyph：只檢視 isolated TrueType 注音元件輪廓直接讀取注音與聲調；中文字/頁面詞境/字典不作 primary 判定。,v4.2 remaining whole-glyph contact #52; occurrences=1; pages=28; runtime SHA-256 exact-only
0582ae5afd3a8ed727c47a26369b1350bc474775dcad67986dee0784cef8027a,ㄐㄧㄥˋ,DFYuanChuIn-Bd-BPMW-BF,15013,v4.2 三上剩餘 whole-glyph：只檢視 isolated TrueType 注音元件輪廓直接讀取注音與聲調；中文字/頁面詞境/字典不作 primary 判定。,v4.2 remaining whole-glyph contact #53; occurrences=1; pages=38; runtime SHA-256 exact-only
bfe3939805ef0997aa8aad7ae2d9bd9744b10d8cefb1dd6fedff1486f56c4a09,ㄑㄧㄡˊ,DFYuanChuIn-Bd-BPMW-BF,15048,v4.2 三上剩餘 whole-glyph：只檢視 isolated TrueType 注音元件輪廓直接讀取注音與聲調；中文字/頁面詞境/字典不作 primary 判定。,v4.2 remaining whole-glyph contact #54; occurrences=1; pages=38; runtime SHA-256 exact-only
5817b8772b7a55ef8b15aa2b7c48ccb9406edc835e0b41bfc874b2495f1be4d4,ㄒㄧㄝˊ,DFYuanChuIn-Bd-BPMW-BF,15090,v4.2 三上剩餘 whole-glyph：只檢視 isolated TrueType 注音元件輪廓直接讀取注音與聲調；中文字/頁面詞境/字典不作 primary 判定。,v4.2 remaining whole-glyph contact #55; occurrences=1; pages=38; runtime SHA-256 exact-only
7af37de527ffc724cd2d7afaea2dd478b1aab6bfae75bef70450b20f12a97ab1,ㄒㄧㄤˇ,DFYuanChuIn-Bd-BPMW-BF,15111,v4.2 三上剩餘 whole-glyph：只檢視 isolated TrueType 注音元件輪廓直接讀取注音與聲調；中文字/頁面詞境/字典不作 primary 判定。,v4.2 remaining whole-glyph contact #56; occurrences=1; pages=17; runtime SHA-256 exact-only
80539b65c8736fb8dba302dfbe4e3cc0fcd81f42a88ce3a287f36733e5c2bc50,ㄒㄩˋ,DFYuanChuIn-Bd-BPMW-BF,15118,v4.2 三上剩餘 whole-glyph：只檢視 isolated TrueType 注音元件輪廓直接讀取注音與聲調；中文字/頁面詞境/字典不作 primary 判定。,v4.2 remaining whole-glyph contact #57; occurrences=1; pages=38; runtime SHA-256 exact-only
8b2e1472374883916500ad8dd233f925b49c96e90b260c15180a87e6872ded01,ㄒㄩㄝˊ,DFYuanChuIn-Bd-BPMW-BF,15121,v4.2 三上剩餘 whole-glyph：只檢視 isolated TrueType 注音元件輪廓直接讀取注音與聲調；中文字/頁面詞境/字典不作 primary 判定。,v4.2 remaining whole-glyph contact #58; occurrences=1; pages=17; runtime SHA-256 exact-only
81d8d12101a0fe7b656f3ba64f87b2ef7bb15045031e93cbef4b117e546ed519,ㄒㄩㄣˊ,DFYuanChuIn-Bd-BPMW-BF,15129,v4.2 三上剩餘 whole-glyph：只檢視 isolated TrueType 注音元件輪廓直接讀取注音與聲調；中文字/頁面詞境/字典不作 primary 判定。,v4.2 remaining whole-glyph contact #59; occurrences=1; pages=38; runtime SHA-256 exact-only
23dbc399dff1c4989f97bb1e86820088da09728791a5cd13ebcb4aa277375745,ㄓㄢˋ,DFYuanChuIn-Bd-BPMW-BF,15161,v4.2 三上剩餘 whole-glyph：只檢視 isolated TrueType 注音元件輪廓直接讀取注音與聲調；中文字/頁面詞境/字典不作 primary 判定。,v4.2 remaining whole-glyph contact #60; occurrences=1; pages=21; runtime SHA-256 exact-only
9f05c97ff7e09ec3958517b4ff8653703c5655fde5122c2bc819868bfee435a6,ㄓㄣ,DFYuanChuIn-Bd-BPMW-BF,15163,v4.2 三上剩餘 whole-glyph：只檢視 isolated TrueType 注音元件輪廓直接讀取注音與聲調；中文字/頁面詞境/字典不作 primary 判定。,v4.2 remaining whole-glyph contact #61; occurrences=1; pages=38; runtime SHA-256 exact-only
3d1d8a4f3dae8a72082c21f132c4457b4b1bb5f3b4b6093bce24afef4c67325b,ㄓㄨㄥˋ,DFYuanChuIn-Bd-BPMW-BF,15196,v4.2 三上剩餘 whole-glyph：只檢視 isolated TrueType 注音元件輪廓直接讀取注音與聲調；中文字/頁面詞境/字典不作 primary 判定。,v4.2 remaining whole-glyph contact #62; occurrences=1; pages=21; runtime SHA-256 exact-only
31e36a0c79cf556eae8b341d86317079a010770be45d2bfc0f558edd26ae2758,ㄔ,DFYuanChuIn-Bd-BPMW-BF,15198,v4.2 三上剩餘 whole-glyph：只檢視 isolated TrueType 注音元件輪廓直接讀取注音與聲調；中文字/頁面詞境/字典不作 primary 判定。,v4.2 remaining whole-glyph contact #63; occurrences=1; pages=17; runtime SHA-256 exact-only
bcade047d92b07eb9e7c4c7ce72221b49de91c83ec00867949748fc43d4cbfd4,ㄔㄤˇ,DFYuanChuIn-Bd-BPMW-BF,15231,v4.2 三上剩餘 whole-glyph：只檢視 isolated TrueType 注音元件輪廓直接讀取注音與聲調；中文字/頁面詞境/字典不作 primary 判定。,v4.2 remaining whole-glyph contact #64; occurrences=1; pages=38; runtime SHA-256 exact-only
e0f7d5c92fac6903799ff433adb8f758ea0ac354d768f29bf4f3762007101b50,ㄔㄨㄥ,DFYuanChuIn-Bd-BPMW-BF,15261,v4.2 三上剩餘 whole-glyph：只檢視 isolated TrueType 注音元件輪廓直接讀取注音與聲調；中文字/頁面詞境/字典不作 primary 判定。,v4.2 remaining whole-glyph contact #65; occurrences=1; pages=17; runtime SHA-256 exact-only
7818401a1dacc7d3fbdb2e63003e7fcf3fe5cb8286c484e49e12a21d321faa31,ㄕㄡˇ,DFYuanChuIn-Bd-BPMW-BF,15289,v4.2 三上剩餘 whole-glyph：只檢視 isolated TrueType 注音元件輪廓直接讀取注音與聲調；中文字/頁面詞境/字典不作 primary 判定。,v4.2 remaining whole-glyph contact #66; occurrences=1; pages=17; runtime SHA-256 exact-only
8eae8782df27cdaf6bdbf277852328648e5e2084d21264966d1d594d2309e966,ㄕㄨㄟˋ,DFYuanChuIn-Bd-BPMW-BF,15317,v4.2 三上剩餘 whole-glyph：只檢視 isolated TrueType 注音元件輪廓直接讀取注音與聲調；中文字/頁面詞境/字典不作 primary 判定。,v4.2 remaining whole-glyph contact #67; occurrences=1; pages=17; runtime SHA-256 exact-only
5587c0a43c209a553f31f44a9b1ab6621d5a1649fd87b755870ad552f6d92528,ㄖㄣˊ,DFYuanChuIn-Bd-BPMW-BF,15337,v4.2 三上剩餘 whole-glyph：只檢視 isolated TrueType 注音元件輪廓直接讀取注音與聲調；中文字/頁面詞境/字典不作 primary 判定。,v4.2 remaining whole-glyph contact #68; occurrences=1; pages=38; runtime SHA-256 exact-only
896e2d489d034c58bfe2fd7ac458b869ba79d54e10910b63213e9a70ffa1aa74,ㄖㄨˊ,DFYuanChuIn-Bd-BPMW-BF,15346,v4.2 三上剩餘 whole-glyph：只檢視 isolated TrueType 注音元件輪廓直接讀取注音與聲調；中文字/頁面詞境/字典不作 primary 判定。,v4.2 remaining whole-glyph contact #69; occurrences=1; pages=36; runtime SHA-256 exact-only
5614d0084bd63df5cd20a99f2e5f907cb4e9a034c624a2a4d21b778f01d51093,ㄗㄨㄛˋ,DFYuanChuIn-Bd-BPMW-BF,15398,v4.2 三上剩餘 whole-glyph：只檢視 isolated TrueType 注音元件輪廓直接讀取注音與聲調；中文字/頁面詞境/字典不作 primary 判定。,v4.2 remaining whole-glyph contact #70; occurrences=1; pages=21; runtime SHA-256 exact-only
02a88cdee3d4bfca8a53b8bbf2226d9aba9a106a47e89c50d36a9975a0e6193f,ㄙㄢ,DFYuanChuIn-Bd-BPMW-BF,15478,v4.2 三上剩餘 whole-glyph：只檢視 isolated TrueType 注音元件輪廓直接讀取注音與聲調；中文字/頁面詞境/字典不作 primary 判定。,v4.2 remaining whole-glyph contact #71; occurrences=1; pages=39; runtime SHA-256 exact-only
a2bb5ed6c32ce5b4db6c2ef750894567ce5dbdf7419b8f2a71c8c67cab38bf7c,ㄙㄨㄥ,DFYuanChuIn-Bd-BPMW-BF,15503,v4.2 三上剩餘 whole-glyph：只檢視 isolated TrueType 注音元件輪廓直接讀取注音與聲調；中文字/頁面詞境/字典不作 primary 判定。,v4.2 remaining whole-glyph contact #72; occurrences=1; pages=38; runtime SHA-256 exact-only
f0d8b7732694527ba49604e6ecafd55bc36bb340de5008cae231f2d63ef1a09a,ㄔㄨㄥˊ,n@dW5@,15219,v4.2 三上剩餘 whole-glyph：只檢視 isolated TrueType 注音元件輪廓直接讀取注音與聲調；中文字/頁面詞境/字典不作 primary 判定。,v4.2 remaining whole-glyph contact #73; occurrences=1; pages=138; runtime SHA-256 exact-only
4da563f05f3a8b558edb9edae036cc595d5c7fecd430e930b26097a7272d0cea,˙ㄒㄧ,n@dW5@,15499,v4.2 三上剩餘 whole-glyph：second-pass 高解析原頁/isolated glyph 確認中性調點，讀作 ˙ㄒㄧ；不以 expected 反填。,v4.2 remaining whole-glyph contact #74; P53 東西之西；可見 neutral dot；runtime SHA-256 exact-only
d784c29c87c96d90a45f3a8c49611f5a8fc4c1dad0d76a6fdc5dff8fa30e776a,ㄒㄧㄥ,n@dW5@,15501,v4.2 三上剩餘 whole-glyph：只檢視 isolated TrueType 注音元件輪廓直接讀取注音與聲調；中文字/頁面詞境/字典不作 primary 判定。,v4.2 remaining whole-glyph contact #75; occurrences=1; pages=137; runtime SHA-256 exact-only
2ede6550acb07fd789fc7aa563b94bc7335e6bfdbbb24e196ba1158a9182a1b7,ㄌㄧㄢˇ,YenRoundZuinnEG-Bd,14635,v4.9 一上解碼漏失修正：直接回看原 PDF 可見注音字形並逐筆確認；runtime 僅接受 raw glyf SHA-256 完全相同,115國小健體1上；代表字／用途：臉；不以中文字詞義或候選預期音反填
1c45d3501f3baba2230bb21c926b8baa866fe41f858b1529377f1427cb552b68,ㄜˊ,DFPBiaoKai-W5-ZhuIn-BFW,14132,v4.9 一上解碼漏失修正：直接回看原 PDF 可見注音字形並逐筆確認；runtime 僅接受 raw glyf SHA-256 完全相同,115國小健體1上；代表字／用途：額；不以中文字詞義或候選預期音反填
520d4b1dc37899d8dc9fecb70d73a865fa11120cc9b8507684bbd8b62eff66bc,ㄆㄣ,DFPBiaoKai-W5-ZhuIn-BFW,14338,v4.9 一上解碼漏失修正：直接回看原 PDF 可見注音字形並逐筆確認；runtime 僅接受 raw glyf SHA-256 完全相同,115國小健體1上；代表字／用途：噴；不以中文字詞義或候選預期音反填
b09184a932e3cfb71eb701433ba88a87fdf91db3ca20cbd870a1cf059c51f5b0,ㄎㄜˊ,YenRoundZuinnEG-Bd,14745,v4.9 一上解碼漏失修正：直接回看原 PDF 可見注音字形並逐筆確認；runtime 僅接受 raw glyf SHA-256 完全相同,115國小健體1上；代表字／用途：咳；不以中文字詞義或候選預期音反填
ec4dd812fa44b0c6918d52a4fb5bd9f55f0c7954ef6b803b20320aca713b946d,ㄇㄡˇ,DFPBiaoKai-W5-ZhuIn-BFW,14399,v4.9 一上解碼漏失修正：直接回看原 PDF 可見注音字形並逐筆確認；runtime 僅接受 raw glyf SHA-256 完全相同,115國小健體1上；代表字／用途：某；不以中文字詞義或候選預期音反填
58621c77aaa718b831f12343ebaaae13b495a70ee39c10305597171a3d847e20,ㄕㄣˊ,YenRoundZuinn3EG-Bd,14267,v4.9 一上解碼漏失修正：直接回看原 PDF 可見注音字形並逐筆確認；runtime 僅接受 raw glyf SHA-256 完全相同,115國小健體1上；代表字／用途：什；不以中文字詞義或候選預期音反填
c6317dd140b217b8de64000f0918851ddef2c647de17142140a13c7bd56646f0,ㄓㄜ,DFPBiaoKai-W5-ZhuIn-BFW,15100,v4.9 一上解碼漏失修正：直接回看原 PDF 可見注音字形並逐筆確認；runtime 僅接受 raw glyf SHA-256 完全相同,115國小健體1上；代表字／用途：遮；不以中文字詞義或候選預期音反填
3894e34ff6157a826ad836e005e2e87b82592eb3168e8674aebb2ba004eea199,ㄆㄨˋ,DFPBiaoKai-W5-ZhuIn-BFW,14374,v4.9 一上解碼漏失修正：直接回看原 PDF 可見注音字形並逐筆確認；runtime 僅接受 raw glyf SHA-256 完全相同,115國小健體1上；代表字／用途：曝；不以中文字詞義或候選預期音反填
5a01f4452c61b75207caea4afb9712d8a66cc27db78472c495044d196cdb9fd3,ㄆㄤˊ,DFPBiaoKai-W5-ZhuIn-BFW,14343,v4.9 一上解碼漏失修正：直接回看原 PDF 可見注音字形並逐筆確認；runtime 僅接受 raw glyf SHA-256 完全相同,115國小健體1上；代表字／用途：旁／螃；不以中文字詞義或候選預期音反填
6cf184b9c4aa817679eae7e6bae34278cc5ade036e9edb6ce12ea2457a569943,ㄔㄨㄟ,DFPBiaoKai-W5-ZhuIn-BFW,15204,v4.9 一上解碼漏失修正：直接回看原 PDF 可見注音字形並逐筆確認；runtime 僅接受 raw glyf SHA-256 完全相同,115國小健體1上；代表字／用途：吹；不以中文字詞義或候選預期音反填
af74a9a2882a01d7c85e2a83b7f6d049c2d849c7acca1a92c0acbfc8b538ea24,ㄆㄨ,DFPBiaoKai-W5-ZhuIn-BFW,14372,v4.9 一上解碼漏失修正：直接回看原 PDF 可見注音字形並逐筆確認；runtime 僅接受 raw glyf SHA-256 完全相同,115國小健體1上；代表字／用途：撲；不以中文字詞義或候選預期音反填
b9c939240e21875513cc1513a1169372b6b3eba5afc0226b55f8b88ccbae0bc7,ㄏㄜˋ,DFPBiaoKai-W5-ZhuIn-BFW,14877,v4.9 一上解碼漏失修正：直接回看原 PDF 可見注音字形並逐筆確認；runtime 僅接受 raw glyf SHA-256 完全相同,115國小健體1上；代表字／用途：鶴；不以中文字詞義或候選預期音反填
ce5b7b417bc818cc171669586aca0a986528295e157461e9af17eb039ad940ee,ㄕㄜˊ,YenRoundZuinnEG-Bd,15162,v4.9 一上解碼漏失修正：直接回看原 PDF 可見注音字形並逐筆確認；runtime 僅接受 raw glyf SHA-256 完全相同,115國小健體1上；代表字／用途：蛇；不以中文字詞義或候選預期音反填
a988e71fe78712a65de79244864d65c9f20f6cd86088f543a78164e0e031faae,ㄆㄚˋ,DFPBiaoKai-W5-ZhuIn-BFW,14314,v4.9 一上解碼漏失修正：直接回看原 PDF 可見注音字形並逐筆確認；runtime 僅接受 raw glyf SHA-256 完全相同,115國小健體1上；代表字／用途：怕；不以中文字詞義或候選預期音反填
5826c3a245fec0acc097066d51f5ff376e3e660a22117af8e356b3a6ec18381a,ㄔㄚ,YenRoundZuinnEG-Bd,15088,v4.9 一上解碼漏失修正：直接回看原 PDF 可見注音字形並逐筆確認；runtime 僅接受 raw glyf SHA-256 完全相同,115國小健體1上；代表字／用途：叉；不以中文字詞義或候選預期音反填
39f89fb359319143fa6290297850b47427a11a9b327d9ee361ccb9d96b4ec1f5,ㄔㄥˇ,DFPBiaoKai-W5-ZhuIn-BFW,15192,v4.9 一上解碼漏失修正：直接回看原 PDF 可見注音字形並逐筆確認；runtime 僅接受 raw glyf SHA-256 完全相同,115國小健體1上；代表字／用途：逞；不以中文字詞義或候選預期音反填
4784c1e239d7c7700c08b3bfbf53d289c14da86f50ab76e21926717a784b85da,ㄦ,DFPBiaoKai-W5-PoIn1-BFW,14161,v4.9 一上解碼漏失修正：直接回看原 PDF 可見注音字形並逐筆確認；runtime 僅接受 raw glyf SHA-256 完全相同,115國小健體1上；代表字／用途：兒化尾；不以中文字詞義或候選預期音反填
