rule_id,priority,mode,target_char,phrase,expected_reading,excluded_phrases,source,source_url,note,pdf_contains,evidence_level
HB-T4-R001-1,10000,exact,兒,花兒,ㄦ,,統一用字手冊113.10.04.docx,,容易錯的注音｜詞綴為兒化音。,,handbook_highest
HB-T4-R002-1,10000,exact,液,液體,ㄧㄝˋ,,統一用字手冊113.10.04.docx,,容易錯的注音｜液只有單一注音ㄧㄝˋ。,,handbook_highest
HB-T4-R003-1,10000,exact,角,角色,ㄐㄩㄝˊ,,統一用字手冊113.10.04.docx,,容易錯的注音｜五音、戲曲演員、角宿等義，音ㄐㄩㄝˊ。 對角、角落、號角等義，音ㄐㄧㄠˇ。,,handbook_highest
HB-T4-R004-1,10000,exact,麗,高麗菜,ㄌㄧˊ,,統一用字手冊113.10.04.docx,,容易錯的注音｜高麗國、高麗菜、高麗紙皆音ㄌㄧˊ。,,handbook_highest
HB-T4-R005-1,10000,exact,更,三更半夜,ㄍㄥ,,統一用字手冊113.10.04.docx,,容易錯的注音｜更：變更、更夫、三更半夜、少不更事。 更：自力更生、更好、更生人。 無ㄐㄧㄥ音,,handbook_highest
HB-T4-R006-1,10000,exact,骰,骰子,ㄊㄡˊ,,統一用字手冊113.10.04.docx,,容易錯的注音｜「骰子」一名「色子」，但注音不同。 不用懷疑，已問過國語會，將來不會改。,,handbook_highest
HB-T4-R007-1,10000,exact,色,色子,ㄕㄞˇ,,統一用字手冊113.10.04.docx,,容易錯的注音｜「骰子」一名「色子」，但注音不同。 不用懷疑，已問過國語會，將來不會改。,,handbook_highest
HB-T4-R008-1,10000,exact,臂,手臂,ㄅㄧˋ,,統一用字手冊113.10.04.docx,,容易錯的注音｜臂只有單一注音ㄅㄧˋ。,,handbook_highest
HB-T4-R009-1,10000,exact,怎,怎麼,ㄗㄣˇ,,統一用字手冊113.10.04.docx,,容易錯的注音｜怎只有單一注音ㄗㄣˇ。,,handbook_highest
HB-T4-R010-1,10000,exact,多,多麼,ㄉㄨㄛ,,統一用字手冊113.10.04.docx,,容易錯的注音｜多只有單一注音ㄉㄨㄛ。,,handbook_highest
HB-T4-R011-1,10000,exact,什,什麼,ㄕㄣˊ,,統一用字手冊113.10.04.docx,,容易錯的注音｜「什」麼：限讀ㄕㄣˊ。,,handbook_highest
HB-T4-R012-1,10000,exact,法,法國,ㄈㄚˇ,,統一用字手冊113.10.04.docx,,容易錯的注音｜外文譯音分兩類： 1.以字的本讀為準，如法國、俄國。 2.特殊詞語取當讀之音，如南無、祕魯。,,handbook_highest
HB-T4-R013-1,10000,exact,俄,俄國,ㄜˊ,,統一用字手冊113.10.04.docx,,容易錯的注音｜外文譯音分兩類： 1.以字的本讀為準，如法國、俄國。 2.特殊詞語取當讀之音，如南無、祕魯。,,handbook_highest
HB-T4-R014-1,10000,exact,祕,祕魯,ㄅㄧˋ,,統一用字手冊113.10.04.docx,,容易錯的注音｜外文譯音分兩類： 1.以字的本讀為準，如法國、俄國。 2.特殊詞語取當讀之音，如南無、祕魯。,,handbook_highest
HB-T4-R015-1,10000,exact,南,南無,ㄋㄚˊ,,統一用字手冊113.10.04.docx,,容易錯的注音｜外文譯音分兩類： 1.以字的本讀為準，如法國、俄國。 2.特殊詞語取當讀之音，如南無、祕魯。,,handbook_highest
HB-T4-R015-2,10000,exact,無,南無,ㄇㄛˊ,,統一用字手冊113.10.04.docx,,容易錯的注音｜外文譯音分兩類： 1.以字的本讀為準，如法國、俄國。 2.特殊詞語取當讀之音，如南無、祕魯。,,handbook_highest
HB-T4-R016-1,10000,exact,熟,熟悉,ㄕㄡˊ,,統一用字手冊113.10.04.docx,,容易錯的注音｜熟只有單一注音ㄕㄡˊ。,,handbook_highest
HB-T4-R017-1,10000,exact,漆,漆黑,ㄑㄧ,,統一用字手冊113.10.04.docx,,容易錯的注音｜漆只有單一注音ㄑㄧ。,,handbook_highest
HB-T4-R018-1,10000,exact,播,廣播,ㄅㄛˋ,,統一用字手冊113.10.04.docx,,容易錯的注音｜播只有單一注音ㄅㄛˋ。,,handbook_highest
HB-T4-R019-1,10000,exact,波,波浪,ㄅㄛ,,統一用字手冊113.10.04.docx,,容易錯的注音｜波只有單一注音ㄅㄛ。,,handbook_highest
HB-T4-R020-1,10000,exact,伐,步伐,ㄈㄚ,,統一用字手冊113.10.04.docx,,容易錯的注音｜伐只有單一注音ㄈㄚ。,,handbook_highest
HB-T4-R021-1,10000,exact,漲,漲潮,ㄓㄤˇ,,統一用字手冊113.10.04.docx,,容易錯的注音｜漲：標準線增高。如：水位暴漲、漲價。 漲：體積膨大。,,handbook_highest
HB-T4-R022-1,10000,exact,漲,熱漲冷縮,ㄓㄤˋ,,統一用字手冊113.10.04.docx,,容易錯的注音｜漲：標準線增高。如：水位暴漲、漲價。 漲：體積膨大。,,handbook_highest
HB-T4-R023-1,10000,exact,冠,皇冠,ㄍㄨㄢ,,統一用字手冊113.10.04.docx,,容易錯的注音｜冠：皇冠、雞冠、冠冕堂皇。 冠：冠禮、冠軍、豔冠群芳、冠絕一時。,,handbook_highest
HB-T4-R024-1,10000,exact,冠,冠禮,ㄍㄨㄢˋ,,統一用字手冊113.10.04.docx,,容易錯的注音｜冠：皇冠、雞冠、冠冕堂皇。 冠：冠禮、冠軍、豔冠群芳、冠絕一時。,,handbook_highest
HB-T4-R025-1,10000,exact,混,混合,ㄏㄨㄣˋ,,統一用字手冊113.10.04.docx,,容易錯的注音｜混只有ㄏㄨㄣˋ和ㄎㄨㄣ（混夷）。,,handbook_highest
HB-T4-R026-1,10000,exact,遍,遍地,ㄅㄧㄢˋ,,統一用字手冊113.10.04.docx,,容易錯的注音｜遍只有單一注音ㄅㄧㄢˋ。,,handbook_highest
HB-T4-R027-1,10000,exact,教,教學,ㄐㄧㄠˋ,,統一用字手冊113.10.04.docx,,容易錯的注音｜閩南語念ㄍㄠ的詞是ㄐㄧㄠˋ， 閩南語念ㄍㄚ的詞是ㄐㄧㄠ。,,handbook_highest
HB-T4-R028-1,10000,exact,教,教唱,ㄐㄧㄠ,,統一用字手冊113.10.04.docx,,容易錯的注音｜閩南語念ㄍㄠ的詞是ㄐㄧㄠˋ， 閩南語念ㄍㄚ的詞是ㄐㄧㄠ。,,handbook_highest
HB-T4-R029-1,10000,exact,骨,骨骼,ㄍㄨˇ,,統一用字手冊113.10.04.docx,,容易錯的注音｜1.主要念ㄍㄨˇ，如骨骼、傘骨、骨肉。 2.「骨頭」一詞限讀「ㄍㄨˊ ㄊㄡ˙」 3.「骨」朵兒、「骨」碌限讀ㄍㄨ。,,handbook_highest
HB-T4-R030-1,10000,exact,骨,骨頭,ㄍㄨˊ,,統一用字手冊113.10.04.docx,,容易錯的注音｜1.主要念ㄍㄨˇ，如骨骼、傘骨、骨肉。 2.「骨頭」一詞限讀「ㄍㄨˊ ㄊㄡ˙」 3.「骨」朵兒、「骨」碌限讀ㄍㄨ。,,handbook_highest
HB-T4-R031-1,10000,exact,誼,友誼,ㄧˋ,,統一用字手冊113.10.04.docx,,容易錯的注音｜誼只有單一注音ㄧˋ。,,handbook_highest
HB-T4-R032-1,10000,exact,尾,尾巴,ㄨㄟˇ,,統一用字手冊113.10.04.docx,,容易錯的注音｜尾只有單一注音ㄨㄟˇ。,,handbook_highest
HB-T4-R033-1,10000,exact,阿,阿拉伯,ㄚ,,統一用字手冊113.10.04.docx,,容易錯的注音｜ㄜ：山阿、阿諛、阿房宮、姓。 ㄚ：阿拉伯、阿伯、阿斗。無ㄚˋ音。,,handbook_highest
HB-T4-R034-1,10000,exact,騎,騎兵,ㄑㄧˊ,,統一用字手冊113.10.04.docx,,容易錯的注音｜騎只有單一注音。,,handbook_highest
HB-T4-R035-1,10000,exact,背,背包,ㄅㄟ,,統一用字手冊113.10.04.docx,,容易錯的注音｜ㄅㄟ：用背、肩膀來負荷、承擔。例：背負、背書包、背小孩、背包、背黑鍋。,,handbook_highest
HB-T4-R036-1,10000,exact,當,適當,ㄉㄤˋ,,統一用字手冊113.10.04.docx,,容易錯的注音,,handbook_highest
HB-T4-R037-1,10000,exact,腕,手腕,ㄨㄢˋ,,統一用字手冊113.10.04.docx,,容易錯的注音｜腕只有單一注音ㄨㄢˋ。,,handbook_highest
HB-T4-R038-1,10000,exact,脂,脂肪,ㄓ,,統一用字手冊113.10.04.docx,,容易錯的注音｜脂只有單一注音ㄓ。,,handbook_highest
HB-T4-R039-1,10000,exact,玩,童玩,ㄨㄢˊ,,統一用字手冊113.10.04.docx,,容易錯的注音｜玩只有單一注音ㄨㄢˊ。,,handbook_highest
HB-T4-R040-1,10000,exact,刻,刻度,ㄎㄜˋ,,統一用字手冊113.10.04.docx,,容易錯的注音｜刻只有單一注音ㄎㄜˋ,,handbook_highest
HB-T4-R040-2,10000,exact,刻,雕刻,ㄎㄜˋ,,統一用字手冊113.10.04.docx,,容易錯的注音｜刻只有單一注音ㄎㄜˋ,,handbook_highest
HB-T4-R041-1,10000,exact,給,給予,ㄐㄧˇ,,統一用字手冊113.10.04.docx,,容易錯的注音｜ㄐㄧˇ音常用詞：給予、給與、供給、補給、配給、給假、自給自足、職務加給。,,handbook_highest
HB-T4-R042-1,10000,exact,炸,炸薯條,ㄓㄚˊ,,統一用字手冊113.10.04.docx,,容易錯的注音｜用油煮食物，都音ㄓㄚˊ，例：炸雞、炸油條、炸丸子、炸醬麵,,handbook_highest
HB-T4-R043,10000,exact,纍,果實纍纍,ㄌㄟˊ,,統一用字手冊113.10.04.docx,,容易錯的注音｜一字多音審定表誤刊，已與國語會確認。,,handbook_highest
HB-T4-R044,10000,exact,騰,熱騰騰,ㄊㄥˊ,,統一用字手冊113.10.04.docx,,容易錯的注音｜93.07.12.已與國語會確認。,,handbook_highest
HB-T4-R045-1,10000,exact,臭,臭味相投,ㄒㄧㄡˋ,,統一用字手冊113.10.04.docx,,容易錯的注音｜國語辭典簡編本誤為ㄔㄡˋ音，已與國語會確認。★,,handbook_highest
HB-T4-R048-1,10000,exact,塌,一塌糊塗,ㄊㄚ,,統一用字手冊113.10.04.docx,,容易錯的注音｜塌，單音ㄊㄚ。一般人會念ㄊㄚˋ，多是誤寫成【蹋】。,,handbook_highest
HB-T4-R049,10000,exact,莘,莘莘學子,ㄕㄣ,,統一用字手冊113.10.04.docx,,容易錯的注音,,handbook_highest
HB-T4-R050-1,10000,exact,搶,呼天搶地,ㄑㄧㄤ,,統一用字手冊113.10.04.docx,,容易錯的注音｜搶，碰觸，限讀【ㄑ一ㄤ】。搶地，以頭撞地。,,handbook_highest
HB-T4-R051-1,10000,exact,獷,粗獷,ㄍㄨㄤˇ,,統一用字手冊113.10.04.docx,,容易錯的注音,,handbook_highest
HB-T4-R052-1,10000,exact,搐,抽搐,ㄔㄨˋ,,統一用字手冊113.10.04.docx,,容易錯的注音,,handbook_highest
HB-T4-R053-1,10000,exact,娠,妊娠,ㄕㄣ,,統一用字手冊113.10.04.docx,,容易錯的注音,,handbook_highest
HB-T4-R054-1,10000,exact,弄,巷弄,ㄌㄨㄥˋ,,統一用字手冊113.10.04.docx,,容易錯的注音｜弄，解作【小巷】時，限讀ㄌㄨㄥˋ。,,handbook_highest
HB-T4-R055-1,10000,exact,艾,自怨自艾,ㄧˋ,,統一用字手冊113.10.04.docx,,容易錯的注音,,handbook_highest
HB-T4-R056-1,10000,exact,把,刀把,ㄅㄚˋ,,統一用字手冊113.10.04.docx,,容易錯的注音｜指槍、刀等器械可握之處，皆讀作ㄅㄚˋ。,,handbook_highest
HB-T4-R057-1,10000,exact,訌,內訌,ㄏㄨㄥˊ,,統一用字手冊113.10.04.docx,,容易錯的注音｜亦可讀作【 內 ㄏㄨㄥˋ】，但此處ㄏㄨㄥˋ寫作【鬨】。,,handbook_highest
HB-T4-R058-1,10000,exact,胖,心廣體胖,ㄆㄢˊ,,統一用字手冊113.10.04.docx,,容易錯的注音,,handbook_highest
HB-T4-R059-1,10000,exact,倆,我倆,ㄌㄧㄚˇ,,統一用字手冊113.10.04.docx,,容易錯的注音｜倆【ㄌ一ㄚˇ】，用於【兩個】之意。 倆【ㄌ一ㄤˇ】，用於【手段、花招】之意。,,handbook_highest
HB-T4-R061-1,10000,exact,葩,奇葩,ㄆㄚ,,統一用字手冊113.10.04.docx,,容易錯的注音,,handbook_highest
HB-T4-R062-1,10000,exact,拾,拾級而上,ㄕㄜˋ,,統一用字手冊113.10.04.docx,,容易錯的注音｜拾【ㄕㄜˋ】，一步一步而上的。,,handbook_highest
HB-T4-R063-1,10000,exact,癖,癖好,ㄆㄧˇ,,統一用字手冊113.10.04.docx,,容易錯的注音,,handbook_highest
HB-T4-R064-1,10000,exact,撇,撇清,ㄆㄧㄝ,,統一用字手冊113.10.04.docx,,容易錯的注音｜撇【ㄆ一ㄝ】，用於【拋棄、不顧】之意。 撇【ㄆ一ㄝˇ】，用於【國字筆畫】、【斜一邊】之意。,,handbook_highest
HB-T4-R065-1,10000,exact,埋,埋怨,ㄇㄢˊ,,統一用字手冊113.10.04.docx,,容易錯的注音,,handbook_highest
HB-T4-R066-1,10000,exact,聽,垂簾聽政,ㄊㄧㄥˋ,,統一用字手冊113.10.04.docx,,容易錯的注音｜聽【ㄊ一ㄥˋ】，用於【治理】、【任憑（聽任）】等意。,,handbook_highest
HB-T4-R067-1,10000,exact,稜,模稜兩可,ㄌㄥˊ,,統一用字手冊113.10.04.docx,,容易錯的注音,,handbook_highest
HB-T4-R068-1,10000,exact,便,便宜行事,ㄅㄧㄢˋ,,統一用字手冊113.10.04.docx,,容易錯的注音｜便【ㄅ一ㄢˋ】，方便合宜。,,handbook_highest
HB-T4-R069-1,10000,exact,稱,稱重量,ㄔㄥ,,統一用字手冊113.10.04.docx,,容易錯的注音｜稱【ㄔㄥ】重量＝秤【ㄔㄥˋ】重量。,,handbook_highest
HB-T4-R070-1,10000,exact,鰻,鰻魚,ㄇㄢˊ,,統一用字手冊113.10.04.docx,,容易錯的注音,,handbook_highest
HB-T4-R071,10000,exact,比,比比皆是,ㄅㄧˋ,,統一用字手冊113.10.04.docx,,容易錯的注音,,handbook_highest
HB-T4-R072-1,10000,exact,比,比鄰而居,ㄅㄧˋ,,統一用字手冊113.10.04.docx,,容易錯的注音,,handbook_highest
HB-T4-R073-1,10000,exact,濤,驚濤駭浪,ㄊㄠˊ,,統一用字手冊113.10.04.docx,,容易錯的注音,,handbook_highest
HB-T4-R074-1,10000,exact,拈,拈花惹草,ㄋㄧㄢˊ,,統一用字手冊113.10.04.docx,,容易錯的注音｜拈【ㄋ一ㄢˊ】→夾取。 拈【ㄋ一ㄢˇ】，通捻（ㄋ一ㄢˇ）→搓揉。,,handbook_highest
HB-T4-R075-1,10000,exact,革,病革,ㄐㄧˊ,,統一用字手冊113.10.04.docx,,容易錯的注音｜解作【危急】時，限讀ㄐ一ˊ。,,handbook_highest
HB-T4-R076-1,10000,exact,齷,齷齪,ㄨㄛˋ,,統一用字手冊113.10.04.docx,,容易錯的注音,,handbook_highest
HB-T4-R078-1,10000,exact,琺,琺瑯質,ㄈㄚˋ,,統一用字手冊113.10.04.docx,,容易錯的注音,,handbook_highest
HB-T4-R080-1,10000,exact,犛,犛牛,ㄌㄧˊ,,統一用字手冊113.10.04.docx,,容易錯的注音,,handbook_highest
HB-T4-R081-1,10000,exact,中,中規中矩,ㄓㄨㄥˋ,,統一用字手冊113.10.04.docx,,容易錯的注音｜中【ㄓㄨㄥˋ】→切合、符合。,,handbook_highest
HB-T4-R082-1,10000,exact,灸,針灸,ㄐㄧㄡˇ,,統一用字手冊113.10.04.docx,,容易錯的注音,,handbook_highest
HB-T4-R083-1,10000,exact,幾,一蹴可幾,ㄐㄧ,,統一用字手冊113.10.04.docx,,容易錯的注音,,handbook_highest
HB-T4-R084-1,10000,exact,焙,烘焙,ㄅㄟˋ,,統一用字手冊113.10.04.docx,,容易錯的注音,,handbook_highest
HB-T4-R085-1,10000,exact,韋,韋小寶,ㄨㄟˊ,,統一用字手冊113.10.04.docx,,容易錯的注音,,handbook_highest
HB-T4-R086-1,10000,exact,坷,坎坷,ㄎㄜˇ,,統一用字手冊113.10.04.docx,,容易錯的注音,,handbook_highest
HB-T4-R087-1,10000,exact,委,虛與委蛇,ㄨㄟ,,統一用字手冊113.10.04.docx,,容易錯的注音,,handbook_highest
HB-T4-R087-2,10000,exact,蛇,虛與委蛇,ㄧˊ,,統一用字手冊113.10.04.docx,,容易錯的注音,,handbook_highest
HB-T4-R088-1,10000,exact,哮,咆哮,ㄒㄧㄠ,,統一用字手冊113.10.04.docx,,容易錯的注音,,handbook_highest
HB-T4-R089-1,10000,exact,矇,矇混,ㄇㄥ,,統一用字手冊113.10.04.docx,,容易錯的注音｜亦可讀作【 ㄇㄥˊ 混】，但此處ㄇㄥˊ寫作【蒙】。,,handbook_highest
HB-T4-R090-1,10000,exact,緋,緋聞,ㄈㄟ,,統一用字手冊113.10.04.docx,,容易錯的注音,,handbook_highest
HB-T4-R091-1,10000,exact,累,家累,ㄌㄟˋ,,統一用字手冊113.10.04.docx,,容易錯的注音,,handbook_highest
HB-T4-R092-1,10000,exact,處,處女,ㄔㄨˇ,,統一用字手冊113.10.04.docx,,容易錯的注音,,handbook_highest
HB-T4-R093-1,10000,exact,嫵,嫵媚,ㄨˇ,,統一用字手冊113.10.04.docx,,容易錯的注音,,handbook_highest
HB-T4-R094-1,10000,exact,懲,懲罰,ㄔㄥˊ,,統一用字手冊113.10.04.docx,,容易錯的注音,,handbook_highest
HB-T4-R095-1,10000,exact,作,作料,ㄗㄨㄛˊ,,統一用字手冊113.10.04.docx,,容易錯的注音｜亦可讀作【 ㄗㄨㄛˇ 料】，但此處ㄗㄨㄛˇ寫作【佐】。,,handbook_highest
HB-T4-R096-1,10000,exact,行,言行,ㄒㄧㄥˋ,,統一用字手冊113.10.04.docx,,容易錯的注音｜言行、惡行、暴行等，有關【行為舉止】，皆讀作ㄒ一ㄥˋ,,handbook_highest
HB-T4-R097-1,10000,exact,紕,紕漏,ㄆㄧ,,統一用字手冊113.10.04.docx,,容易錯的注音,,handbook_highest
HB-T4-R098-1,10000,exact,佻,輕佻,ㄊㄧㄠˊ,,統一用字手冊113.10.04.docx,,容易錯的注音,,handbook_highest
HB-T4-R099-1,10000,exact,倔,倔強,ㄐㄩㄝˊ,,統一用字手冊113.10.04.docx,,容易錯的注音,,handbook_highest
HB-T4-R100-1,10000,exact,瞭,瞭若指掌,ㄌㄧㄠˇ,,統一用字手冊113.10.04.docx,,容易錯的注音,,handbook_highest
HB-T4-R101-1,10000,exact,攘,安內攘外,ㄖㄤˊ,,統一用字手冊113.10.04.docx,,容易錯的注音,,handbook_highest
HB-T4-R102-1,10000,exact,倒,本末倒置,ㄉㄠˋ,,統一用字手冊113.10.04.docx,,容易錯的注音｜倒【ㄉㄠˇ】，用於【橫躺】、【坍塌】等意。 倒【ㄉㄠˋ】，用於【上下左右方向相反】等意。,,handbook_highest
HB-T4-R103-1,10000,exact,驀,驀然回首,ㄇㄛˋ,,統一用字手冊113.10.04.docx,,容易錯的注音,,handbook_highest
HB-T4-R104-1,10000,exact,朔,撲朔,ㄕㄨㄛˋ,,統一用字手冊113.10.04.docx,,容易錯的注音,,handbook_highest
HB-T4-R105-1,10000,exact,過,過故人莊,ㄍㄨㄛˋ,,統一用字手冊113.10.04.docx,,容易錯的注音｜過，讀作【ㄍㄨㄛ】時，只解作【姓氏】之意。,,handbook_highest
HB-T4-R106-1,10000,exact,町,西門町,ㄉㄧㄥ,,統一用字手冊113.10.04.docx,,容易錯的注音｜凡地名用字，皆讀作【ㄉ一ㄥ】,,handbook_highest
HB-T4-R107-1,10000,exact,量,打量,ㄌㄧㄤˋ,,統一用字手冊113.10.04.docx,,容易錯的注音,,handbook_highest
HB-T4-R108-1,10000,exact,沏,沏茶,ㄑㄧ,,統一用字手冊113.10.04.docx,,容易錯的注音,,handbook_highest
HB-T4-R109-1,10000,exact,庾,庾澄慶,ㄩˇ,,統一用字手冊113.10.04.docx,,容易錯的注音,,handbook_highest
HB-T4-R110-1,10000,exact,咋,令人咋舌,ㄗㄜˊ,,統一用字手冊113.10.04.docx,,容易錯的注音,,handbook_highest
HB-T4-R111-1,10000,exact,咳,咳聲嘆氣,ㄏㄞ,,統一用字手冊113.10.04.docx,,容易錯的注音,,handbook_highest
HB-T4-R112-1,10000,exact,螽,螽斯之慶,ㄓㄨㄥ,,統一用字手冊113.10.04.docx,,容易錯的注音,,handbook_highest
HB-T4-R113-1,10000,exact,焢,焢土窯,ㄏㄨㄥ,,統一用字手冊113.10.04.docx,,容易錯的注音,,handbook_highest
HB-T4-R114-1,10000,exact,揶,揶揄譏諷,ㄧㄝˊ,,統一用字手冊113.10.04.docx,,容易錯的注音,,handbook_highest
HB-T4-R115-1,10000,exact,胝,胝手胼足,ㄓ,,統一用字手冊113.10.04.docx,,容易錯的注音,,handbook_highest
HB-T4-R116-1,10000,exact,佝,身形佝僂,ㄎㄡˋ,,統一用字手冊113.10.04.docx,,容易錯的注音,,handbook_highest
HB-T4-R116-2,10000,exact,僂,身形佝僂,ㄌㄡˊ,,統一用字手冊113.10.04.docx,,容易錯的注音,,handbook_highest
HB-T4-R117-1,10000,exact,圳,深圳,ㄗㄨㄣˋ,,統一用字手冊113.10.04.docx,,容易錯的注音,,handbook_highest
HB-T4-R118,10000,exact,酢,游酢,ㄘㄨˋ,,統一用字手冊113.10.04.docx,,"容易錯的注音｜讀作「ㄘㄨˋ」依據： 三兄弟名字都跟「酒」的本體（名詞）有關 兄長「游醇」，「醇酒」為味濃,香郁的純正的美酒 弟弟「游醳」，「醳酒」為新釀成的白酒 老師依所得之資料，決定讀「ㄘㄨˋ」，解釋成酢酒（醋酒，一種苦酒）。 不讀「ㄗㄨㄛˋ」： 現今雖有酬酢ㄗㄨㄛˋ（客人以酒回敬主人）用法，但屬於動詞，是他堂兄弟「游酹」（把酒灑在地上祭神）、「游酬」（敬酒）那一「房」的用法，所以「游酢」不適合讀作「ㄗㄨㄛˋ」。",,handbook_highest
HB-T5-R001-1,10000,exact,叨,叨擾,ㄊㄠ,,統一用字手冊113.10.04.docx,,同字異義｜超過本分的。,,handbook_highest
HB-T5-R002-1,10000,exact,叨,嘮叨,ㄉㄠ,,統一用字手冊113.10.04.docx,,同字異義｜話多的樣子。例：絮叨。,,handbook_highest
HB-T5-R003-1,10000,exact,伺,伺機,ㄙˋ,,統一用字手冊113.10.04.docx,,同字異義｜暗中偵察。例：窺伺、伺機而動,,handbook_highest
HB-T5-R004-1,10000,exact,伺,伺候,ㄘˋ,,統一用字手冊113.10.04.docx,,同字異義｜服侍。,,handbook_highest
HB-T5-R005-1,10000,exact,哄,哄堂,ㄏㄨㄥ,,統一用字手冊113.10.04.docx,,同字異義｜許多人發出聲音。例：一哄而散。,,handbook_highest
HB-T5-R006-1,10000,exact,哄,哄騙,ㄏㄨㄥˇ,,統一用字手冊113.10.04.docx,,同字異義｜欺騙、逗弄。例：連哄帶騙、哄小孩。,,handbook_highest
HB-T5-R007-1,10000,exact,供,供養,ㄍㄨㄥˋ,,統一用字手冊113.10.04.docx,,同字異義｜有關祭祀的、奉養的。例：供佛、供奉、供品。,,handbook_highest
HB-T5-R008-1,10000,exact,供,口供,ㄍㄨㄥ,,統一用字手冊113.10.04.docx,,同字異義｜給予、陳述案情。例：供應、提供、供出、招供。,,handbook_highest
HB-T5-R009-1,10000,exact,創,創口,ㄔㄨㄤ,,統一用字手冊113.10.04.docx,,同字異義｜受傷、傷痕。例：創傷、刀創。,,handbook_highest
HB-T5-R010-1,10000,exact,創,創始,ㄔㄨㄤˋ,,統一用字手冊113.10.04.docx,,同字異義｜開始的、獨特的。例：開創、創新、創意。,,handbook_highest
HB-T5-R011-1,10000,exact,吐,吐痰,ㄊㄨˇ,,統一用字手冊113.10.04.docx,,同字異義｜從口中出。例：吐氣、口吐白沫。,,handbook_highest
HB-T5-R012-1,10000,exact,吐,嘔吐,ㄊㄨˋ,,統一用字手冊113.10.04.docx,,同字異義｜從胃中出。例：吐血。,,handbook_highest
HB-T5-R013-1,10000,exact,繫,繫鞋帶,ㄐㄧˋ,,統一用字手冊113.10.04.docx,,同字異義｜扣、綁。,,handbook_highest
HB-T5-R014-1,10000,exact,繫,聯繫,ㄒㄧˋ,,統一用字手冊113.10.04.docx,,同字異義｜拴、連接。例：繫馬、維繫、繫念。,,handbook_highest
HB-T5-R015-1,10000,exact,抹,抹布,ㄇㄛˇ,,統一用字手冊113.10.04.docx,,同字異義｜擦、塗、除去。例：抹臉、塗抹、抹殺。,,handbook_highest
HB-T5-R016-1,10000,exact,抹,拐彎抹角,ㄇㄛˋ,,統一用字手冊113.10.04.docx,,同字異義｜繞過。,,handbook_highest
HB-T5-R017-1,10000,exact,翹,翹楚,ㄑㄧㄠˊ,,統一用字手冊113.10.04.docx,,同字異義｜舉頭、特出的。例：翹首、翹望、翹秀。,,handbook_highest
HB-T5-R018-1,10000,exact,翹,翹起,ㄑㄧㄠˋ,,統一用字手冊113.10.04.docx,,同字異義｜物體突起、死亡。例：桌布翹起、翹辮子。 ※翹翹（ㄑ一ㄠˋ）板＝蹺蹺（ㄑ一ㄠ）板,,handbook_highest
HB-T5-R019-1,10000,exact,子,妻子,˙ㄗ,,統一用字手冊113.10.04.docx,,同字異義｜單指【男子的配偶】。,,handbook_highest
HB-T5-R020-1,10000,exact,子,妻子,ㄗˇ,,統一用字手冊113.10.04.docx,,同字異義｜合指【妻與兒女】,,handbook_highest
HB-T5-R021-1,10000,exact,魄,落魄,ㄊㄨㄛˋ,,統一用字手冊113.10.04.docx,,同字異義｜一、潦倒不得志；二、個性豪放不受拘束,,handbook_highest
HB-T5-R022-1,10000,exact,魄,落魄,ㄆㄛˋ,,統一用字手冊113.10.04.docx,,同字異義｜精神恍惚，失去主宰,,handbook_highest
HB-T6-R001-1,10000,exact,磨,石磨,ㄇㄛˋ,,統一用字手冊113.10.04.docx,,同字詞性相異｜當名詞用。例：磨坊、磨房。,,handbook_highest
HB-T6-R002-1,10000,exact,磨,磨碎,ㄇㄛˊ,,統一用字手冊113.10.04.docx,,同字詞性相異｜當動詞用。例：研磨、磨平。,,handbook_highest
HB-T6-R003-1,10000,exact,文,散文,ㄨㄣˊ,,統一用字手冊113.10.04.docx,,同字詞性相異｜當名詞用（篇章、禮節）。例：文章、作文、繁文縟節。,,handbook_highest
HB-T6-R004-1,10000,exact,文,文飾,ㄨㄣˋ,,統一用字手冊113.10.04.docx,,同字詞性相異｜當動詞用（修飾、掩飾）。例：文過飾非。,,handbook_highest
HB-T6-R005-1,10000,exact,喪,喪禮,ㄙㄤ,,統一用字手冊113.10.04.docx,,同字詞性相異｜當名詞用（有關喪事的）。例：服喪、奔喪。,,handbook_highest
HB-T6-R006-1,10000,exact,喪,喪志,ㄙㄤˋ,,統一用字手冊113.10.04.docx,,同字詞性相異｜當動詞用（失去）。例：喪失、喪生。,,handbook_highest
HB-T6-R007-1,10000,exact,冠,冠蓋,ㄍㄨㄢ,,統一用字手冊113.10.04.docx,,同字詞性相異｜當名詞用（帽子）。例：皇冠、桂冠、怒髮衝冠、冠冕堂皇。,,handbook_highest
HB-T6-R008-1,10000,exact,冠,豔冠群芳,ㄍㄨㄢˋ,,統一用字手冊113.10.04.docx,,同字詞性相異｜當動詞用（領先、加上）。例：獨冠群雄、冠軍。,,handbook_highest
HB-T6-R009-1,10000,exact,署,環保署,ㄕㄨˇ,,統一用字手冊113.10.04.docx,,同字詞性相異｜當名詞用（機關單位）。例：衛生署。,,handbook_highest
HB-T6-R010-1,10000,exact,署,署名,ㄕㄨˋ,,統一用字手冊113.10.04.docx,,同字詞性相異｜當動詞用（安排、簽寫）。例：部署、簽署。,,handbook_highest
HB-T6-R011-1,10000,exact,從,隨從,ㄗㄨㄥˋ,,統一用字手冊113.10.04.docx,,同字詞性相異｜當名詞用（隨侍的人）。例：侍從。,,handbook_highest
HB-T6-R012-1,10000,exact,從,隨從,ㄘㄨㄥˊ,,統一用字手冊113.10.04.docx,,同字詞性相異｜當動詞用（跟隨、依順）。例：跟從、服從。,,handbook_highest
HB-T6-R013-1,10000,exact,咽,咽喉,ㄧㄢ,,統一用字手冊113.10.04.docx,,同字詞性相異｜當名詞用（喉嚨）。,,handbook_highest
HB-T6-R014-1,10000,exact,咽,嗚咽,ㄧㄝˋ,,統一用字手冊113.10.04.docx,,同字詞性相異｜當形容詞用（形容聲音受阻）。例：哽咽。,,handbook_highest
HB-NARR-001,10000,exact,悶,煩悶,ㄇㄣˋ,,統一用字手冊113.10.04.docx,,一字多音審訂表整理｜心裡煩悶,,handbook_highest
HB-NARR-002,10000,exact,悶,悶熱,ㄇㄣ,,統一用字手冊113.10.04.docx,,一字多音審訂表整理｜被罩住／悶熱,,handbook_highest
HB-NARR-004,10000,exact,吐,吐血,ㄊㄨˋ,,統一用字手冊113.10.04.docx,,一字多音審訂表整理｜從胃中出,,handbook_highest
HB-NARR-005,10000,exact,滑,滑稽,ㄍㄨˇ,,統一用字手冊113.10.04.docx,,一字多音審訂表整理｜文言文用法,,handbook_highest
HB-NARR-006,10000,exact,滑,滑稽,ㄏㄨㄚˊ,,統一用字手冊113.10.04.docx,,一字多音審訂表整理｜白話文用法；同形詞義需人工判斷,,handbook_highest
HB-NARR-007,10000,exact,強,勉強,ㄑㄧㄤˇ,,統一用字手冊113.10.04.docx,,一字多音審訂表整理｜硬要、迫使,,handbook_highest
HB-NARR-008,10000,exact,強,強壯,ㄑㄧㄤˊ,,統一用字手冊113.10.04.docx,,一字多音審訂表整理｜有力、健壯,,handbook_highest
HB-NARR-009,10000,exact,姊,姊,ㄗˇ,,統一用字手冊113.10.04.docx,,一字多音審訂表整理｜手冊正文：姊音ㄗˇ,,handbook_highest
HB-NARR-010,10000,exact,姊,姊姊,ㄐㄧㄝˇ,,統一用字手冊113.10.04.docx,,一字多音審訂表整理｜僅姊姊通姐姐時可用,,handbook_highest
HB-NARR-011,10000,exact,扛,扛桌子,ㄍㄤ,,統一用字手冊113.10.04.docx,,一字多音審訂表整理｜用雙手舉,,handbook_highest
HB-NARR-012,10000,exact,折,折斷,ㄓㄜˊ,,統一用字手冊113.10.04.docx,,一字多音審訂表整理｜弄斷,,handbook_highest
HB-NARR-013,10000,exact,折,折腰,ㄓㄜˊ,,統一用字手冊113.10.04.docx,,一字多音審訂表整理｜彎,,handbook_highest
HB-NARR-014,10000,exact,折,曲折,ㄓㄜˊ,,統一用字手冊113.10.04.docx,,一字多音審訂表整理｜彎曲,,handbook_highest
HB-NARR-015,10000,exact,折,折壽,ㄓㄜˊ,,統一用字手冊113.10.04.docx,,一字多音審訂表整理｜損失,,handbook_highest
HB-NARR-016,10000,exact,折,折本,ㄕㄜˊ,,統一用字手冊113.10.04.docx,,一字多音審訂表整理｜虧損,,handbook_highest
HB-NARR-017,10000,exact,折,折錢,ㄕㄜˊ,,統一用字手冊113.10.04.docx,,一字多音審訂表整理｜虧損,,handbook_highest
HB-NARR-018,10000,exact,折,折騰,ㄓㄜ,,統一用字手冊113.10.04.docx,,一字多音審訂表整理｜翻轉、迴旋,,handbook_highest
HB-NARR-019,10000,exact,折,折跟頭,ㄓㄜ,,統一用字手冊113.10.04.docx,,一字多音審訂表整理｜翻轉、迴旋,,handbook_highest
HB-NARR-020,10000,exact,骨,筋骨,ㄍㄨˇ,,統一用字手冊113.10.04.docx,,一字多音審訂表整理｜主要讀音,,handbook_highest
HB-NARR-022,10000,exact,骨,骨肉,ㄍㄨˇ,,統一用字手冊113.10.04.docx,,一字多音審訂表整理｜主要讀音,,handbook_highest
HB-NARR-024,10000,exact,骨,硬骨頭,ㄍㄨˊ,,統一用字手冊113.10.04.docx,,一字多音審訂表整理｜限用骨頭,,handbook_highest
HB-NARR-025,10000,exact,骨,懶骨頭,ㄍㄨˊ,,統一用字手冊113.10.04.docx,,一字多音審訂表整理｜限用骨頭,,handbook_highest
HB-NARR-026,10000,exact,骨,骨朵兒,ㄍㄨ,,統一用字手冊113.10.04.docx,,一字多音審訂表整理｜限用詞,,handbook_highest
HB-NARR-027,10000,exact,骨,骨碌,ㄍㄨ,,統一用字手冊113.10.04.docx,,一字多音審訂表整理｜限用詞,,handbook_highest
HB-NARR-028,10000,exact,撇,撇嘴,ㄆㄧㄝˇ,,統一用字手冊113.10.04.docx,,一字多音審訂表整理｜撇嘴／一撇,,handbook_highest
HB-NARR-029,10000,exact,撇,一撇,ㄆㄧㄝˇ,,統一用字手冊113.10.04.docx,,一字多音審訂表整理｜撇嘴／一撇,,handbook_highest
HB-NARR-030,10000,exact,撇,撇下,ㄆㄧㄝ,,統一用字手冊113.10.04.docx,,一字多音審訂表整理｜餘義,,handbook_highest
HB-NARR-031,10000,exact,撇,撇棄,ㄆㄧㄝ,,統一用字手冊113.10.04.docx,,一字多音審訂表整理｜餘義,,handbook_highest
HB-NARR-033,10000,exact,撇,撇開,ㄆㄧㄝ,,統一用字手冊113.10.04.docx,,一字多音審訂表整理｜餘義,,handbook_highest
HB-NARR-034,10000,exact,暈,頭暈眼花,ㄩㄣ,,統一用字手冊113.10.04.docx,,一字多音審訂表整理｜與頭昏有關,,handbook_highest
HB-NARR-035,10000,exact,暈,暈車,ㄩㄣ,,統一用字手冊113.10.04.docx,,一字多音審訂表整理｜與頭昏有關,,handbook_highest
HB-NARR-036,10000,exact,暈,暈倒,ㄩㄣ,,統一用字手冊113.10.04.docx,,一字多音審訂表整理｜與頭昏有關,,handbook_highest
HB-NARR-037,10000,exact,暈,月暈,ㄩㄣˋ,,統一用字手冊113.10.04.docx,,一字多音審訂表整理｜名詞,,handbook_highest
HB-NARR-038,10000,exact,暈,燈暈,ㄩㄣˋ,,統一用字手冊113.10.04.docx,,一字多音審訂表整理｜名詞,,handbook_highest
HB-NARR-039,10000,exact,暈,酒暈,ㄩㄣˋ,,統一用字手冊113.10.04.docx,,一字多音審訂表整理｜名詞,,handbook_highest
HB-NARR-040,10000,exact,暈,血暈,ㄩㄣˋ,,統一用字手冊113.10.04.docx,,一字多音審訂表整理｜名詞,,handbook_highest
HB-NARR-041,10000,exact,更,自力更生,ㄍㄥˋ,,統一用字手冊113.10.04.docx,,一字多音審訂表整理｜愈、再,,handbook_highest
HB-NARR-042,10000,exact,更,更好,ㄍㄥˋ,,統一用字手冊113.10.04.docx,,一字多音審訂表整理｜愈、再,,handbook_highest
HB-NARR-043,10000,exact,更,更生人,ㄍㄥˋ,,統一用字手冊113.10.04.docx,,一字多音審訂表整理｜愈、再,,handbook_highest
HB-NARR-044,10000,exact,更,變更,ㄍㄥ,,統一用字手冊113.10.04.docx,,一字多音審訂表整理｜變換、代替,,handbook_highest
HB-NARR-045,10000,exact,更,更夫,ㄍㄥ,,統一用字手冊113.10.04.docx,,一字多音審訂表整理｜變換、代替,,handbook_highest
HB-NARR-047,10000,exact,更,少不更事,ㄍㄥ,,統一用字手冊113.10.04.docx,,一字多音審訂表整理｜變換、代替,,handbook_highest
HB-NARR-050,10000,exact,漲,漲價,ㄓㄤˇ,,統一用字手冊113.10.04.docx,,一字多音審訂表整理｜標準線增高,,handbook_highest
HB-NARR-051,10000,exact,漲,水漲船高,ㄓㄤˇ,,統一用字手冊113.10.04.docx,,一字多音審訂表整理｜標準線增高,,handbook_highest
HB-NARR-052,10000,exact,燥,乾燥,ㄗㄠˋ,,統一用字手冊113.10.04.docx,,一字多音審訂表整理｜乾、缺乏水分,,handbook_highest
HB-NARR-053,10000,exact,燥,枯燥,ㄗㄠˋ,,統一用字手冊113.10.04.docx,,一字多音審訂表整理｜乾、缺乏水分,,handbook_highest
HB-NARR-054,10000,exact,燥,燥熱,ㄗㄠˋ,,統一用字手冊113.10.04.docx,,一字多音審訂表整理｜乾、缺乏水分,,handbook_highest
HB-NARR-055,10000,exact,燥,天乾物燥,ㄗㄠˋ,,統一用字手冊113.10.04.docx,,一字多音審訂表整理｜乾、缺乏水分,,handbook_highest
HB-NARR-056,10000,exact,燥,肉燥,ㄙㄠˋ,,統一用字手冊113.10.04.docx,,一字多音審訂表整理｜剁成細碎的肉；源檔字形『厶』依同表ㄙ音分類正規化為ㄙ,,handbook_highest
HB-NARR-057,10000,exact,燥,燥子豆腐,ㄙㄠˋ,,統一用字手冊113.10.04.docx,,一字多音審訂表整理｜剁成細碎的肉；源檔字形『厶』依同表ㄙ音分類正規化為ㄙ,,handbook_highest
HB-NARR-059,10000,exact,磨,磨麵,ㄇㄛˋ,,統一用字手冊113.10.04.docx,,一字多音審訂表整理｜以磨子碾碎,,handbook_highest
HB-NARR-060,10000,exact,磨,磨豆腐,ㄇㄛˋ,,統一用字手冊113.10.04.docx,,一字多音審訂表整理｜以磨子碾碎,,handbook_highest
HB-NARR-061,10000,exact,磨,磨刀,ㄇㄛˊ,,統一用字手冊113.10.04.docx,,一字多音審訂表整理｜其餘動作,,handbook_highest
HB-NARR-062,10000,exact,磨,磨牙,ㄇㄛˊ,,統一用字手冊113.10.04.docx,,一字多音審訂表整理｜其餘動作,,handbook_highest
HB-NARR-063,10000,exact,磨,磨練,ㄇㄛˊ,,統一用字手冊113.10.04.docx,,一字多音審訂表整理｜其餘動作,,handbook_highest
HB-NARR-064,10000,exact,磨,好事多磨,ㄇㄛˊ,,統一用字手冊113.10.04.docx,,一字多音審訂表整理｜其餘動作,,handbook_highest
HB-NARR-065,10000,exact,轉,轉彎,ㄓㄨㄢˇ,,統一用字手冊113.10.04.docx,,一字多音審訂表整理｜改變方向,,handbook_highest
HB-NARR-066,10000,exact,轉,旋轉,ㄓㄨㄢˇ,,統一用字手冊113.10.04.docx,,一字多音審訂表整理｜手冊本節列為改變方向義的例,,handbook_highest
HB-NARR-067,10000,exact,轉,轉圈兒,ㄓㄨㄢˋ,,統一用字手冊113.10.04.docx,,一字多音審訂表整理｜有軸可繞、可回到原點,,handbook_highest
HB-NARR-068,10000,exact,轉,暈頭轉向,ㄓㄨㄢˋ,,統一用字手冊113.10.04.docx,,一字多音審訂表整理｜有軸可繞、可回到原點,,handbook_highest
HB-NARR-069,10000,exact,轉,地球自轉,ㄓㄨㄢˋ,,統一用字手冊113.10.04.docx,,一字多音審訂表整理｜有軸可繞、可回到原點,,handbook_highest
HB-NARR-070,10000,exact,轉,公轉,ㄓㄨㄢˋ,,統一用字手冊113.10.04.docx,,一字多音審訂表整理｜有軸可繞、可回到原點,,handbook_highest
HB-NARR-071,10000,exact,冠,鳳冠,ㄍㄨㄢ,,統一用字手冊113.10.04.docx,,一字多音審訂表整理｜帽子／頂端,,handbook_highest
HB-NARR-073,10000,exact,冠,怒髮衝冠,ㄍㄨㄢ,,統一用字手冊113.10.04.docx,,一字多音審訂表整理｜帽子／頂端,,handbook_highest
HB-NARR-074,10000,exact,冠,花冠,ㄍㄨㄢ,,統一用字手冊113.10.04.docx,,一字多音審訂表整理｜頂端物,,handbook_highest
HB-NARR-075,10000,exact,冠,雞冠,ㄍㄨㄢ,,統一用字手冊113.10.04.docx,,一字多音審訂表整理｜頂端物,,handbook_highest
HB-NARR-077,10000,exact,冠,弱冠,ㄍㄨㄢˋ,,統一用字手冊113.10.04.docx,,一字多音審訂表整理｜成年禮,,handbook_highest
HB-NARR-078,10000,exact,冠,獨冠群雄,ㄍㄨㄢˋ,,統一用字手冊113.10.04.docx,,一字多音審訂表整理｜超越、領先,,handbook_highest
HB-NARR-080,10000,exact,冠,冠夫姓,ㄍㄨㄢˋ,,統一用字手冊113.10.04.docx,,一字多音審訂表整理｜加上,,handbook_highest
HB-NARR-081,10000,exact,冠,冠罪名,ㄍㄨㄢˋ,,統一用字手冊113.10.04.docx,,一字多音審訂表整理｜加上,,handbook_highest
HB-NARR-082,10000,exact,冠,冠軍,ㄍㄨㄢˋ,,統一用字手冊113.10.04.docx,,一字多音審訂表整理｜名次第一,,handbook_highest
HB-DETAIL-001,10100,exact,纍,果實纍纍,ㄌㄟˊ,,統一用字手冊113.10.04.docx,,語文組統一注音1－果實纍纍｜手冊明列／結論詞例。,,handbook_highest
HB-DETAIL-002,10100,exact,麗,高麗菜,ㄌㄧˊ,,統一用字手冊113.10.04.docx,,語文組統一注音2－高麗菜｜手冊明列／結論詞例。,,handbook_highest
HB-DETAIL-003,10100,exact,教,佛教,ㄐㄧㄠˋ,,統一用字手冊113.10.04.docx,,語文組統一注音3－教｜手冊明列／結論詞例。,,handbook_highest
HB-DETAIL-004,10100,exact,教,教唆,ㄐㄧㄠˋ,,統一用字手冊113.10.04.docx,,語文組統一注音3－教｜手冊明列／結論詞例。,,handbook_highest
HB-DETAIL-005,10100,exact,教,教育,ㄐㄧㄠˋ,,統一用字手冊113.10.04.docx,,語文組統一注音3－教｜手冊明列／結論詞例。,,handbook_highest
HB-DETAIL-006,10100,exact,教,教材教法,ㄐㄧㄠˋ,,統一用字手冊113.10.04.docx,,語文組統一注音3－教｜手冊明列／結論詞例。,,handbook_highest
HB-DETAIL-007,10100,exact,教,諄諄教誨,ㄐㄧㄠˋ,,統一用字手冊113.10.04.docx,,語文組統一注音3－教｜手冊明列／結論詞例。,,handbook_highest
HB-DETAIL-008,10100,exact,教,因材施教,ㄐㄧㄠˋ,,統一用字手冊113.10.04.docx,,語文組統一注音3－教｜手冊明列／結論詞例。,,handbook_highest
HB-DETAIL-009,10100,exact,教,教學,ㄐㄧㄠˋ,,統一用字手冊113.10.04.docx,,語文組統一注音3－教｜手冊明列／結論詞例。,,handbook_highest
HB-DETAIL-010,10100,exact,教,教學相長,ㄐㄧㄠˋ,,統一用字手冊113.10.04.docx,,語文組統一注音3－教｜手冊明列／結論詞例。,,handbook_highest
HB-DETAIL-011,10100,exact,教,教學研討會,ㄐㄧㄠˋ,,統一用字手冊113.10.04.docx,,語文組統一注音3－教｜手冊明列／結論詞例。,,handbook_highest
HB-DETAIL-012,10100,exact,教,教學生,ㄐㄧㄠ,,統一用字手冊113.10.04.docx,,語文組統一注音3－教｜手冊明列／結論詞例。,,handbook_highest
HB-DETAIL-013,10100,exact,教,教書匠,ㄐㄧㄠ,,統一用字手冊113.10.04.docx,,語文組統一注音3－教｜手冊明列／結論詞例。,,handbook_highest
HB-DETAIL-014,10100,exact,教,教唱,ㄐㄧㄠ,,統一用字手冊113.10.04.docx,,語文組統一注音3－教｜手冊明列／結論詞例。,,handbook_highest
HB-DETAIL-015,10100,exact,教,教書,ㄐㄧㄠ,,統一用字手冊113.10.04.docx,,語文組統一注音3－教｜手冊明列／結論詞例。,,handbook_highest
HB-DETAIL-016,10100,exact,兒,這兒,ㄦ,,統一用字手冊113.10.04.docx,,語文組統一注音4－兒化音｜手冊明列／結論詞例。,,handbook_highest
HB-DETAIL-017,10100,exact,兒,鳥兒,ㄦ,,統一用字手冊113.10.04.docx,,語文組統一注音4－兒化音｜手冊明列／結論詞例。,,handbook_highest
HB-DETAIL-018,10100,exact,兒,花兒,ㄦ,,統一用字手冊113.10.04.docx,,語文組統一注音4－兒化音｜手冊明列／結論詞例。,,handbook_highest
HB-DETAIL-019,10100,exact,兒,草兒,ㄦ,,統一用字手冊113.10.04.docx,,語文組統一注音4－兒化音｜手冊明列／結論詞例。,,handbook_highest
HB-DETAIL-020,10100,exact,兒,模特兒,ㄦ,,統一用字手冊113.10.04.docx,,語文組統一注音4－兒化音｜手冊明列／結論詞例。,,handbook_highest
HB-DETAIL-021,10100,exact,兒,老頭兒,ㄦ,,統一用字手冊113.10.04.docx,,語文組統一注音4－兒化音｜手冊明列／結論詞例。,,handbook_highest
HB-DETAIL-022,10100,exact,兒,美人兒,ㄦ,,統一用字手冊113.10.04.docx,,語文組統一注音4－兒化音｜手冊明列／結論詞例。,,handbook_highest
HB-DETAIL-023,10100,exact,兒,拐彎兒,ㄦ,,統一用字手冊113.10.04.docx,,語文組統一注音4－兒化音｜手冊明列／結論詞例。,,handbook_highest
HB-DETAIL-024,10100,exact,兒,找碴兒,ㄦ,,統一用字手冊113.10.04.docx,,語文組統一注音4－兒化音｜手冊明列／結論詞例。,,handbook_highest
HB-DETAIL-025,10100,exact,兒,快快兒,ㄦ,,統一用字手冊113.10.04.docx,,語文組統一注音4－兒化音｜手冊明列／結論詞例。,,handbook_highest
HB-DETAIL-026,10100,exact,兒,慢慢兒,ㄦ,,統一用字手冊113.10.04.docx,,語文組統一注音4－兒化音｜手冊明列／結論詞例。,,handbook_highest
HB-DETAIL-027,10100,exact,轉,轉動門把,ㄓㄨㄢˇ,,統一用字手冊113.10.04.docx,,語文組統一注音5－轉：改變方向／轉身活動｜手冊明列／結論詞例。,,handbook_highest
HB-DETAIL-028,10100,exact,轉,轉動開關,ㄓㄨㄢˇ,,統一用字手冊113.10.04.docx,,語文組統一注音5－轉：改變方向／轉身活動｜手冊明列／結論詞例。,,handbook_highest
HB-DETAIL-029,10100,exact,轉,目不轉睛,ㄓㄨㄢˇ,,統一用字手冊113.10.04.docx,,語文組統一注音5－轉｜手冊明列／結論詞例。,,handbook_highest
HB-DETAIL-030,10100,exact,轉,轉頭,ㄓㄨㄢˇ,,統一用字手冊113.10.04.docx,,語文組統一注音5－轉｜手冊明列／結論詞例。,,handbook_highest
HB-DETAIL-031,10100,exact,轉,天旋地轉,ㄓㄨㄢˇ,,統一用字手冊113.10.04.docx,,語文組統一注音5－轉｜手冊明列／結論詞例。,,handbook_highest
HB-DETAIL-032,10100,exact,轉,暈頭轉向,ㄓㄨㄢˋ,,統一用字手冊113.10.04.docx,,語文組統一注音5－轉｜手冊明列／結論詞例。,,handbook_highest
HB-DETAIL-033,10100,exact,轉,公轉,ㄓㄨㄢˋ,,統一用字手冊113.10.04.docx,,語文組統一注音5－轉｜手冊明列／結論詞例。,,handbook_highest
HB-DETAIL-034,10100,exact,轉,自轉,ㄓㄨㄢˋ,,統一用字手冊113.10.04.docx,,語文組統一注音5－轉｜手冊明列／結論詞例。,,handbook_highest
HB-DETAIL-035,10100,exact,轉,打轉,ㄓㄨㄢˋ,,統一用字手冊113.10.04.docx,,語文組統一注音5－轉｜手冊明列／結論詞例。,,handbook_highest
HB-DETAIL-036,10100,exact,轉,團團轉,ㄓㄨㄢˋ,,統一用字手冊113.10.04.docx,,語文組統一注音5－轉｜手冊明列／結論詞例。,,handbook_highest
HB-DETAIL-037,10100,exact,臭,臭味相投,ㄒㄧㄡˋ,,統一用字手冊113.10.04.docx,,語文組統一注音6－臭味相投｜手冊明列／結論詞例。,,handbook_highest
HB-NOTE-001,10100,exact,頭,裡頭,˙ㄊㄡ,,統一用字手冊113.10.04.docx,,翰林國語科注音記要－輕聲區／本調區｜手冊輕聲區／本調區直接列示。,,handbook_highest
HB-NOTE-002,10100,exact,頭,外頭,˙ㄊㄡ,,統一用字手冊113.10.04.docx,,翰林國語科注音記要－輕聲區／本調區｜手冊輕聲區／本調區直接列示。,,handbook_highest
HB-NOTE-003,10100,exact,頭,跟頭,˙ㄊㄡ,,統一用字手冊113.10.04.docx,,翰林國語科注音記要－輕聲區／本調區｜手冊輕聲區／本調區直接列示。,,handbook_highest
HB-NOTE-004,10100,exact,頭,罐頭,˙ㄊㄡ,,統一用字手冊113.10.04.docx,,翰林國語科注音記要－輕聲區／本調區｜手冊輕聲區／本調區直接列示。,,handbook_highest
HB-NOTE-005,10100,exact,頭,饅頭,˙ㄊㄡ,,統一用字手冊113.10.04.docx,,翰林國語科注音記要－輕聲區／本調區｜手冊輕聲區／本調區直接列示。,,handbook_highest
HB-NOTE-006,10100,exact,頭,念頭,˙ㄊㄡ,,統一用字手冊113.10.04.docx,,翰林國語科注音記要－輕聲區／本調區｜手冊輕聲區／本調區直接列示。,,handbook_highest
HB-NOTE-007,10100,exact,頭,來頭,˙ㄊㄡ,,統一用字手冊113.10.04.docx,,翰林國語科注音記要－輕聲區／本調區｜手冊輕聲區／本調區直接列示。,,handbook_highest
HB-NOTE-008,10100,exact,頭,苗頭,˙ㄊㄡ,,統一用字手冊113.10.04.docx,,翰林國語科注音記要－輕聲區／本調區｜手冊輕聲區／本調區直接列示。,,handbook_highest
HB-NOTE-009,10100,exact,頭,石頭,˙ㄊㄡ,,統一用字手冊113.10.04.docx,,翰林國語科注音記要－輕聲區／本調區｜手冊輕聲區／本調區直接列示。,,handbook_highest
HB-NOTE-010,10100,exact,頭,木頭,˙ㄊㄡ,,統一用字手冊113.10.04.docx,,翰林國語科注音記要－輕聲區／本調區｜手冊輕聲區／本調區直接列示。,,handbook_highest
HB-NOTE-011,10100,exact,頭,手指頭,˙ㄊㄡ,,統一用字手冊113.10.04.docx,,翰林國語科注音記要－輕聲區／本調區｜手冊輕聲區／本調區直接列示。,,handbook_highest
HB-NOTE-012,10100,exact,頭,翻跟頭,˙ㄊㄡ,,統一用字手冊113.10.04.docx,,翰林國語科注音記要－輕聲區／本調區｜手冊輕聲區／本調區直接列示。,,handbook_highest
HB-NOTE-013,10100,exact,頭,拳頭,˙ㄊㄡ,,統一用字手冊113.10.04.docx,,翰林國語科注音記要－輕聲區／本調區｜手冊輕聲區／本調區直接列示。,,handbook_highest
HB-NOTE-014,10100,exact,頭,山頭,ㄊㄡˊ,,統一用字手冊113.10.04.docx,,翰林國語科注音記要－輕聲區／本調區｜手冊輕聲區／本調區直接列示。,,handbook_highest
HB-NOTE-015,10100,exact,頭,盡頭,ㄊㄡˊ,,統一用字手冊113.10.04.docx,,翰林國語科注音記要－輕聲區／本調區｜手冊輕聲區／本調區直接列示。,,handbook_highest
HB-NOTE-016,10100,exact,頭,心頭,ㄊㄡˊ,,統一用字手冊113.10.04.docx,,翰林國語科注音記要－輕聲區／本調區｜手冊輕聲區／本調區直接列示。,,handbook_highest
HB-NOTE-017,10100,exact,頭,眉頭,ㄊㄡˊ,,統一用字手冊113.10.04.docx,,翰林國語科注音記要－輕聲區／本調區｜手冊輕聲區／本調區直接列示。,,handbook_highest
HB-NOTE-018,10100,exact,頭,矛頭,ㄊㄡˊ,,統一用字手冊113.10.04.docx,,翰林國語科注音記要－輕聲區／本調區｜手冊輕聲區／本調區直接列示。,,handbook_highest
HB-NOTE-019,10100,exact,頭,鐘頭,ㄊㄡˊ,,統一用字手冊113.10.04.docx,,翰林國語科注音記要－輕聲區／本調區｜手冊輕聲區／本調區直接列示。,,handbook_highest
HB-NOTE-020,10100,exact,頭,塊頭,ㄊㄡˊ,,統一用字手冊113.10.04.docx,,翰林國語科注音記要－輕聲區／本調區｜手冊輕聲區／本調區直接列示。,,handbook_highest
HB-NOTE-021,10100,exact,頭,帶頭,ㄊㄡˊ,,統一用字手冊113.10.04.docx,,翰林國語科注音記要－輕聲區／本調區｜手冊輕聲區／本調區直接列示。,,handbook_highest
HB-NOTE-022,10100,exact,頭,人頭,ㄊㄡˊ,,統一用字手冊113.10.04.docx,,翰林國語科注音記要－輕聲區／本調區｜手冊輕聲區／本調區直接列示。,,handbook_highest
HB-NOTE-023,10100,exact,頭,水龍頭,ㄊㄡˊ,,統一用字手冊113.10.04.docx,,翰林國語科注音記要－輕聲區／本調區｜手冊輕聲區／本調區直接列示。,,handbook_highest
HB-NOTE-024,10100,exact,呀,對呀,˙ㄧㄚ,,統一用字手冊113.10.04.docx,,翰林國語科注音記要－輕聲區／本調區｜手冊輕聲區／本調區直接列示。,,handbook_highest
HB-NOTE-025,10100,exact,嘍,回家嘍,˙ㄌㄡ,,統一用字手冊113.10.04.docx,,翰林國語科注音記要－輕聲區／本調區｜手冊輕聲區／本調區直接列示。,,handbook_highest
HB-NOTE-026,10100,exact,著,站著,˙ㄓㄜ,,統一用字手冊113.10.04.docx,,翰林國語科注音記要－輕聲區／本調區｜手冊輕聲區／本調區直接列示。,,handbook_highest
HB-NOTE-027,10100,exact,著,迎著,˙ㄓㄜ,,統一用字手冊113.10.04.docx,,翰林國語科注音記要－輕聲區／本調區｜手冊輕聲區／本調區直接列示。,,handbook_highest
HB-NOTE-028,10100,exact,著,想著,˙ㄓㄜ,,統一用字手冊113.10.04.docx,,翰林國語科注音記要－輕聲區／本調區｜手冊輕聲區／本調區直接列示。,,handbook_highest
HB-NOTE-029,10100,exact,的,新的,˙ㄉㄜ,,統一用字手冊113.10.04.docx,,翰林國語科注音記要－輕聲區／本調區｜手冊輕聲區／本調區直接列示。,,handbook_highest
HB-NOTE-030,10100,exact,得,說得好,˙ㄉㄜ,,統一用字手冊113.10.04.docx,,翰林國語科注音記要－輕聲區／本調區｜手冊輕聲區／本調區直接列示。,,handbook_highest
HB-NOTE-031,10100,exact,子,桌子,˙ㄗ,,統一用字手冊113.10.04.docx,,翰林國語科注音記要－輕聲區／本調區｜手冊輕聲區／本調區直接列示。,,handbook_highest
HB-NOTE-032,10100,exact,子,椅子,˙ㄗ,,統一用字手冊113.10.04.docx,,翰林國語科注音記要－輕聲區／本調區｜手冊輕聲區／本調區直接列示。,,handbook_highest
HB-NOTE-033,10100,exact,子,蚊子,˙ㄗ,,統一用字手冊113.10.04.docx,,翰林國語科注音記要－輕聲區／本調區｜手冊輕聲區／本調區直接列示。,,handbook_highest
HB-NOTE-034,10100,exact,子,李子,˙ㄗ,,統一用字手冊113.10.04.docx,,翰林國語科注音記要－輕聲區／本調區｜手冊輕聲區／本調區直接列示。,,handbook_highest
HB-NOTE-035,10100,exact,們,你們,˙ㄇㄣ,,統一用字手冊113.10.04.docx,,翰林國語科注音記要－輕聲區／本調區｜手冊輕聲區／本調區直接列示。,,handbook_highest
HB-NOTE-036,10100,exact,們,我們,˙ㄇㄣ,,統一用字手冊113.10.04.docx,,翰林國語科注音記要－輕聲區／本調區｜手冊輕聲區／本調區直接列示。,,handbook_highest
HB-NOTE-037,10100,exact,們,他們,˙ㄇㄣ,,統一用字手冊113.10.04.docx,,翰林國語科注音記要－輕聲區／本調區｜手冊輕聲區／本調區直接列示。,,handbook_highest
HB-NOTE-038,10100,exact,個,一個人,˙ㄍㄜ,,統一用字手冊113.10.04.docx,,翰林國語科注音記要－輕聲區／本調區｜手冊輕聲區／本調區直接列示。,,handbook_highest
HB-NOTE-039,10100,exact,巴,下巴,˙ㄅㄚ,,統一用字手冊113.10.04.docx,,翰林國語科注音記要－輕聲區／本調區｜手冊輕聲區／本調區直接列示。,,handbook_highest
HB-NOTE-040,10100,exact,巴,尾巴,˙ㄅㄚ,,統一用字手冊113.10.04.docx,,翰林國語科注音記要－輕聲區／本調區｜手冊輕聲區／本調區直接列示。,,handbook_highest
HB-NOTE-041,10100,exact,巴,嘴巴,˙ㄅㄚ,,統一用字手冊113.10.04.docx,,翰林國語科注音記要－輕聲區／本調區｜手冊輕聲區／本調區直接列示。,,handbook_highest
HB-NOTE-042,10100,exact,蔔,蘿蔔,˙ㄅㄛ,,統一用字手冊113.10.04.docx,,翰林國語科注音記要－輕聲區／本調區｜手冊輕聲區／本調區直接列示。,,handbook_highest
HB-NOTE-043,10100,exact,娘,姑娘,˙ㄋㄧㄤ,,統一用字手冊113.10.04.docx,,翰林國語科注音記要－輕聲區／本調區｜手冊輕聲區／本調區直接列示。,,handbook_highest
HB-NOTE-044,10100,exact,和,暖和,˙ㄏㄨㄛ,,統一用字手冊113.10.04.docx,,翰林國語科注音記要－輕聲區／本調區｜手冊輕聲區／本調區直接列示。,,handbook_highest
HB-NOTE-045,10100,exact,思,意思,˙ㄙ,,統一用字手冊113.10.04.docx,,翰林國語科注音記要－輕聲區／本調區｜手冊輕聲區／本調區直接列示。,,handbook_highest
HB-NOTE-046,10100,exact,朵,耳朵,˙ㄉㄨㄛ,,統一用字手冊113.10.04.docx,,翰林國語科注音記要－輕聲區／本調區｜手冊輕聲區／本調區直接列示。,,handbook_highest
HB-NOTE-047,10100,exact,生,先生,ㄕㄥ,,統一用字手冊113.10.04.docx,,翰林國語科注音記要－輕聲區／本調區｜手冊輕聲區／本調區直接列示。,,handbook_highest
HB-NOTE-048,10100,exact,道,地道,ㄉㄠˋ,,統一用字手冊113.10.04.docx,,翰林國語科注音記要－輕聲區／本調區｜手冊輕聲區／本調區直接列示。,,handbook_highest
HB-NOTE-049,10100,exact,訴,告訴,ㄙㄨˋ,,統一用字手冊113.10.04.docx,,翰林國語科注音記要－輕聲區／本調區｜手冊輕聲區／本調區直接列示。,,handbook_highest
HB-NOTE-050,10100,exact,海,四海,ㄏㄞˇ,,統一用字手冊113.10.04.docx,,翰林國語科注音記要－輕聲區／本調區｜手冊輕聲區／本調區直接列示。,,handbook_highest
HB-NOTE-051,10100,exact,弟,兄弟,ㄉㄧˋ,,統一用字手冊113.10.04.docx,,翰林國語科注音記要－輕聲區／本調區｜手冊輕聲區／本調區直接列示。,,handbook_highest
HB-NOTE-052,10100,exact,家,人家,ㄐㄧㄚ,,統一用字手冊113.10.04.docx,,翰林國語科注音記要－輕聲區／本調區｜手冊輕聲區／本調區直接列示。,,handbook_highest
HB-NOTE-053,10100,exact,水,下水,ㄕㄨㄟˇ,,統一用字手冊113.10.04.docx,,翰林國語科注音記要－輕聲區／本調區｜手冊輕聲區／本調區直接列示。,,handbook_highest
HB-NOTE-054,10100,exact,事,故事,ㄕˋ,,統一用字手冊113.10.04.docx,,翰林國語科注音記要－輕聲區／本調區｜手冊輕聲區／本調區直接列示。,,handbook_highest
HB-NOTE-055,10100,exact,字,名字,ㄗˋ,,統一用字手冊113.10.04.docx,,翰林國語科注音記要－輕聲區／本調區｜手冊輕聲區／本調區直接列示。,,handbook_highest
HB-NOTE-056,10100,exact,氣,客氣,ㄑㄧˋ,,統一用字手冊113.10.04.docx,,翰林國語科注音記要－輕聲區／本調區｜手冊輕聲區／本調區直接列示。,,handbook_highest
HB-NOTE-057,10100,exact,係,沒關係,ㄒㄧˋ,,統一用字手冊113.10.04.docx,,翰林國語科注音記要－輕聲區／本調區｜手冊輕聲區／本調區直接列示。,,handbook_highest
HB-NOTE-058,10100,exact,角,犄角,ㄐㄧㄠˇ,,統一用字手冊113.10.04.docx,,翰林國語科注音記要－輕聲區／本調區｜手冊輕聲區／本調區直接列示。,,handbook_highest
HB-NOTE-059,10100,exact,來,回來,ㄌㄞˊ,,統一用字手冊113.10.04.docx,,翰林國語科注音記要－輕聲區／本調區｜手冊輕聲區／本調區直接列示。,,handbook_highest
HB-NOTE-060,10100,exact,來,下來,ㄌㄞˊ,,統一用字手冊113.10.04.docx,,翰林國語科注音記要－輕聲區／本調區｜手冊輕聲區／本調區直接列示。,,handbook_highest
HB-NOTE-061,10100,exact,去,回去,ㄑㄩˋ,,統一用字手冊113.10.04.docx,,翰林國語科注音記要－輕聲區／本調區｜手冊輕聲區／本調區直接列示。,,handbook_highest
HB-NOTE-062,10100,exact,去,下去,ㄑㄩˋ,,統一用字手冊113.10.04.docx,,翰林國語科注音記要－輕聲區／本調區｜手冊輕聲區／本調區直接列示。,,handbook_highest
HB-NOTE-063,10100,exact,巴,泥巴,ㄅㄚ,,統一用字手冊113.10.04.docx,,翰林國語科注音記要－輕聲區／本調區｜手冊輕聲區／本調區直接列示。,,handbook_highest
HB-NOTE-064,10100,exact,巴,結巴,ㄅㄚ,,統一用字手冊113.10.04.docx,,翰林國語科注音記要－輕聲區／本調區｜手冊輕聲區／本調區直接列示。,,handbook_highest
HB-NOTE-065,10100,exact,巴,啞巴,ㄅㄚ,,統一用字手冊113.10.04.docx,,翰林國語科注音記要－輕聲區／本調區｜手冊輕聲區／本調區直接列示。,,handbook_highest
HB-NOTE-066,10100,exact,達,遛達,˙ㄉㄚ,,統一用字手冊113.10.04.docx,,翰林國語科注音記要－輕聲區／本調區｜手冊輕聲區／本調區直接列示。,,handbook_highest
HB-NOTE-067,10100,exact,瘩,疙瘩,ㄉㄚ,,統一用字手冊113.10.04.docx,,翰林國語科注音記要－輕聲區／本調區｜手冊輕聲區／本調區直接列示。,,handbook_highest
HB-NOTE-068,10100,exact,萄,葡萄,ㄊㄠˊ,,統一用字手冊113.10.04.docx,,翰林國語科注音記要－輕聲區／本調區｜手冊輕聲區／本調區直接列示。,,handbook_highest
HB-NOTE-069,10100,exact,璃,玻璃,ㄌㄧˊ,,統一用字手冊113.10.04.docx,,翰林國語科注音記要－輕聲區／本調區｜手冊輕聲區／本調區直接列示。,,handbook_highest
HB-NOTE-070,10100,exact,杷,枇杷,ㄆㄚˊ,,統一用字手冊113.10.04.docx,,翰林國語科注音記要－輕聲區／本調區｜手冊輕聲區／本調區直接列示。,,handbook_highest
HB-NOTE-071,10100,exact,莉,茉莉,ㄌㄧˋ,,統一用字手冊113.10.04.docx,,翰林國語科注音記要－輕聲區／本調區｜手冊輕聲區／本調區直接列示。,,handbook_highest
HB-NOTE-072,10100,exact,瑰,玫瑰,ㄍㄨㄟ,,統一用字手冊113.10.04.docx,,翰林國語科注音記要－輕聲區／本調區｜手冊輕聲區／本調區直接列示。,,handbook_highest
HB-NOTE-073,10100,exact,唆,囉唆,ㄙㄨㄛ,,統一用字手冊113.10.04.docx,,翰林國語科注音記要－輕聲區／本調區｜手冊輕聲區／本調區直接列示。,,handbook_highest
HB-NOTE-074,10100,exact,飩,餛飩,ㄉㄨㄣˋ,,統一用字手冊113.10.04.docx,,翰林國語科注音記要－輕聲區／本調區｜手冊輕聲區／本調區直接列示。,,handbook_highest
HB-NOTE-075,10100,exact,蘆,葫蘆,ㄌㄨˊ,,統一用字手冊113.10.04.docx,,翰林國語科注音記要－輕聲區／本調區｜手冊輕聲區／本調區直接列示。,,handbook_highest
HB-NOTE-076,10100,exact,叭,喇叭,ㄅㄚ,,統一用字手冊113.10.04.docx,,翰林國語科注音記要－輕聲區／本調區｜手冊輕聲區／本調區直接列示。,,handbook_highest
HB-NOTE-077,10100,exact,服,衣服,ㄈㄨˊ,,統一用字手冊113.10.04.docx,,翰林國語科注音記要－輕聲區／本調區｜手冊輕聲區／本調區直接列示。,,handbook_highest
HB-NOTE-078,10100,exact,毛,眉毛,ㄇㄠˊ,,統一用字手冊113.10.04.docx,,翰林國語科注音記要－輕聲區／本調區｜手冊輕聲區／本調區直接列示。,,handbook_highest
HB-NOTE-079,10100,exact,甲,指甲,ㄐㄧㄚˇ,,統一用字手冊113.10.04.docx,,翰林國語科注音記要－輕聲區／本調區｜手冊輕聲區／本調區直接列示。,,handbook_highest
HB-NOTE-080,10100,exact,袋,腦袋,ㄉㄞˋ,,統一用字手冊113.10.04.docx,,翰林國語科注音記要－輕聲區／本調區｜手冊輕聲區／本調區直接列示。,,handbook_highest
HB-NOTE-081,10100,exact,腐,豆腐,ㄈㄨˇ,,統一用字手冊113.10.04.docx,,翰林國語科注音記要－輕聲區／本調區｜手冊輕聲區／本調區直接列示。,,handbook_highest
HB-NOTE-082,10100,exact,結,巴結,ㄐㄧㄝˊ,,統一用字手冊113.10.04.docx,,翰林國語科注音記要－輕聲區／本調區｜手冊輕聲區／本調區直接列示。,,handbook_highest
HB-NOTE-083,10100,exact,蠅,蒼蠅,ㄧㄥˊ,,統一用字手冊113.10.04.docx,,翰林國語科注音記要－輕聲區／本調區｜手冊輕聲區／本調區直接列示。,,handbook_highest
HB-NOTE-084,10100,exact,狸,狐狸,ㄌㄧˊ,,統一用字手冊113.10.04.docx,,翰林國語科注音記要－輕聲區／本調區｜手冊輕聲區／本調區直接列示。,,handbook_highest
HB-NOTE-085,10100,exact,縫,裁縫,ㄈㄥˊ,,統一用字手冊113.10.04.docx,,翰林國語科注音記要－輕聲區／本調區｜手冊輕聲區／本調區直接列示。,,handbook_highest
HB-NOTE-086,10100,exact,發,打發,ㄈㄚ,,統一用字手冊113.10.04.docx,,翰林國語科注音記要－輕聲區／本調區｜手冊輕聲區／本調區直接列示。,,handbook_highest
HB-NOTE-087,10100,exact,氣,秀氣,ㄑㄧˋ,,統一用字手冊113.10.04.docx,,翰林國語科注音記要－輕聲區／本調區｜手冊輕聲區／本調區直接列示。,,handbook_highest
HB-NOTE-088,10100,exact,麻,芝麻,ㄇㄚˊ,,統一用字手冊113.10.04.docx,,翰林國語科注音記要－輕聲區／本調區｜手冊輕聲區／本調區直接列示。,,handbook_highest
HB-NOTE-089,10100,exact,花,棉花,ㄏㄨㄚ,,統一用字手冊113.10.04.docx,,翰林國語科注音記要－輕聲區／本調區｜手冊輕聲區／本調區直接列示。,,handbook_highest
HB-NOTE-090,10100,exact,鬧,熱鬧,ㄋㄠˋ,,統一用字手冊113.10.04.docx,,翰林國語科注音記要－輕聲區／本調區｜手冊輕聲區／本調區直接列示。,,handbook_highest
HB-NOTE-091,10100,exact,稼,莊稼,ㄐㄧㄚˋ,,統一用字手冊113.10.04.docx,,翰林國語科注音記要－輕聲區／本調區｜手冊輕聲區／本調區直接列示。,,handbook_highest
HB-NOTE-092,10100,exact,糊,迷糊,ㄏㄨˊ,,統一用字手冊113.10.04.docx,,翰林國語科注音記要－輕聲區／本調區｜手冊輕聲區／本調區直接列示。,,handbook_highest
HB-NOTE-093,10100,exact,量,商量,ㄌㄧㄤˊ,,統一用字手冊113.10.04.docx,,翰林國語科注音記要－輕聲區／本調區｜手冊輕聲區／本調區直接列示。,,handbook_highest
HB-NOTE-094,10100,exact,皮,俏皮,ㄆㄧˊ,,統一用字手冊113.10.04.docx,,翰林國語科注音記要－輕聲區／本調區｜手冊輕聲區／本調區直接列示。,,handbook_highest
HB-NOTE-095,10100,exact,伶,機伶,ㄌㄧㄥˊ,,統一用字手冊113.10.04.docx,,翰林國語科注音記要－輕聲區／本調區｜手冊輕聲區／本調區直接列示。,,handbook_highest
HB-NOTE-096,10100,exact,費,破費,ㄈㄟˋ,,統一用字手冊113.10.04.docx,,翰林國語科注音記要－輕聲區／本調區｜手冊輕聲區／本調區直接列示。,,handbook_highest
HB-NOTE-097,10100,exact,騰,折騰,ㄊㄥˊ,,統一用字手冊113.10.04.docx,,翰林國語科注音記要－輕聲區／本調區｜手冊輕聲區／本調區直接列示。,,handbook_highest
HB-NOTE-098,10100,exact,情,敢情,ㄑㄧㄥˊ,,統一用字手冊113.10.04.docx,,翰林國語科注音記要－輕聲區／本調區｜手冊輕聲區／本調區直接列示。,,handbook_highest
HB-NOTE-099,10100,exact,囊,窩囊,ㄋㄤˊ,,統一用字手冊113.10.04.docx,,翰林國語科注音記要－輕聲區／本調區｜手冊輕聲區／本調區直接列示。,,handbook_highest
HB-NOTE-100,10100,exact,條,苗條,ㄊㄧㄠˊ,,統一用字手冊113.10.04.docx,,翰林國語科注音記要－輕聲區／本調區｜手冊輕聲區／本調區直接列示。,,handbook_highest
HB-NOTE-101,10100,exact,服,舒服,ㄈㄨˊ,,統一用字手冊113.10.04.docx,,翰林國語科注音記要－輕聲區／本調區｜手冊輕聲區／本調區直接列示。,,handbook_highest
HB-NOTE-102,10100,exact,帚,掃帚,ㄓㄡˇ,,統一用字手冊113.10.04.docx,,翰林國語科注音記要－輕聲區／本調區｜手冊輕聲區／本調區直接列示。,,handbook_highest
HB-NOTE-103,10100,exact,亮,漂亮,ㄌㄧㄤˋ,,統一用字手冊113.10.04.docx,,翰林國語科注音記要－輕聲區／本調區｜手冊輕聲區／本調區直接列示。,,handbook_highest
HB-NOTE-104,10100,exact,夫,大夫,ㄈㄨ,,統一用字手冊113.10.04.docx,,翰林國語科注音記要－輕聲區／本調區｜手冊輕聲區／本調區直接列示。,,handbook_highest
HB-NOTE-105,10100,exact,膊,胳膊,ㄅㄛˊ,,統一用字手冊113.10.04.docx,,翰林國語科注音記要－輕聲區／本調區｜手冊輕聲區／本調區直接列示。,,handbook_highest
HB-NOTE-106,10100,exact,分,部分,ㄈㄣˋ,,統一用字手冊113.10.04.docx,,翰林國語科注音記要－輕聲區／本調區｜手冊輕聲區／本調區直接列示。,,handbook_highest
HB-NOTE-107,10100,exact,個,個個,ㄍㄜˋ,,統一用字手冊113.10.04.docx,,翰林國語科注音記要－輕聲區／本調區｜手冊輕聲區／本調區直接列示。,,handbook_highest
HB-NOTE-ETOU-1,10100,exact,頭,額頭,˙ㄊㄡ,,統一用字手冊113.10.04.docx,,翰林國語科注音記要－輕聲區／本調區｜手冊同頁亦另列額頭ㄊㄡˊ，故保留衝突供人工判斷。,,handbook_highest
HB-NOTE-ETOU-2,10100,exact,頭,額頭,ㄊㄡˊ,,統一用字手冊113.10.04.docx,,翰林國語科注音記要－輕聲區／本調區｜手冊同頁亦另列額頭輕聲，故保留衝突供人工判斷。,,handbook_highest
HB-NOTE-DONGXI-1,10100,exact,西,東西,ㄒㄧ,,統一用字手冊113.10.04.docx,,翰林國語科注音記要－輕聲區／本調區｜指東邊與西邊。,,handbook_highest
HB-NOTE-DONGXI-2,10100,exact,西,東西,˙ㄒㄧ,,統一用字手冊113.10.04.docx,,翰林國語科注音記要－輕聲區／本調區｜指物品。,,handbook_highest
HB-NOTE-YIFENZI-FEN,10100,exact,分,一分子,ㄈㄣˋ,,統一用字手冊113.10.04.docx,,翰林國語科注音記要－輕聲區／本調區｜手冊本調區列示一分子（ㄈㄣˋ ㄗˇ）。,,handbook_highest
HB-NOTE-YIFENZI-ZI,10100,exact,子,一分子,ㄗˇ,,統一用字手冊113.10.04.docx,,翰林國語科注音記要－輕聲區／本調區｜手冊本調區列示一分子（ㄈㄣˋ ㄗˇ）。,,handbook_highest
HB-NOTE-PIANYI-BIAN,10100,exact,便,便宜,ㄆㄧㄢˊ,,統一用字手冊113.10.04.docx,,翰林國語科注音記要－輕聲區／本調區｜手冊本調區列示便宜（ㄆㄧㄢˊ ㄧˊ）。,,handbook_highest
HB-NOTE-PIANYI-YI,10100,exact,宜,便宜,ㄧˊ,,統一用字手冊113.10.04.docx,,翰林國語科注音記要－輕聲區／本調區｜手冊本調區列示便宜（ㄆㄧㄢˊ ㄧˊ）。,,handbook_highest
HB-NOTE-GUTOU-GU,10100,exact,骨,骨頭,ㄍㄨˊ,,統一用字手冊113.10.04.docx,,翰林國語科注音記要－輕聲區／本調區｜手冊列骨（ㄍㄨˊ）頭（輕聲）。,,handbook_highest
HB-NOTE-GUTOU-TOU,10100,exact,頭,骨頭,˙ㄊㄡ,,統一用字手冊113.10.04.docx,,翰林國語科注音記要－輕聲區／本調區｜手冊列骨（ㄍㄨˊ）頭（輕聲）。,,handbook_highest
USER-3D-DONGXI-P27,10200,exact,西,東西在翻滾,˙ㄒㄧ,,使用者人工確認（2026-08-14）,,P27物品義「東西」，以較長現版詞境消除手冊同形詞兩義衝突。,03-115國小健體3下課本-L02-三審,user_truth
USER-3D-DONGXI-P32,10200,exact,西,吃東西,˙ㄒㄧ,,使用者人工確認（2026-08-14）,,P32「吃東西」為物品義，西讀輕聲。,03-115國小健體3下課本-L02-三審,user_truth
USER-3D-DONGXI-P62,10200,exact,西,買東西,˙ㄒㄧ,,使用者人工確認（2026-08-14）,,P62「買東西」為物品義，西讀輕聲。,05-115國小健體3下課本-L04-三審,user_truth
USER-3D-FUBU-FENWEI-P28,10200,exact,分,腹部分為,ㄈㄣ,,使用者人工確認（2026-08-14）,,P28課文結構為「腹部／分為」；較長詞境優先於內部字串「部分」。,03-115國小健體3下課本-L02-三審,user_truth
